case_id,opened_at,status,closed_at,asset_id,severity,investigation_notes,closure_reason,approved_automation,approved_exception,remediation_reference,investigation_required,oversight_required,recovery_validation_required
ATL-09-CASE-0001,2026-09-01T07:00:00+00:00,closed,2026-09-01T07:00:15+00:00,ATL-ASSET-01,critical,,Approved duplicate suppression playbook,true,false,SYN-CHANGE-9-1,true,true,true
ATL-09-CASE-0002,2026-09-02T08:01:00+00:00,closed,2026-09-02T08:47:00+00:00,ATL-ASSET-02,medium,"Reviewed process tree for event 2; correlated endpoint and authentication records on ATL-ASSET-02. Verified source ownership, recorded timeline and checked related connections.",Documented investigation supports closure; follow-up recorded.,false,false,SYN-CHANGE-9-2,true,false,false
ATL-09-CASE-0003,2026-09-03T09:02:00+00:00,closed,2026-09-03T09:49:00+00:00,ATL-ASSET-03,medium,"Reviewed process tree for event 3; correlated endpoint and authentication records on ATL-ASSET-03. Verified source ownership, recorded timeline and checked related connections.",Documented investigation supports closure; follow-up recorded.,false,false,SYN-CHANGE-9-3,true,false,false
ATL-09-CASE-0004,2026-09-04T10:03:00+00:00,closed,2026-09-04T10:51:00+00:00,ATL-ASSET-04,high,"Reviewed process tree for event 4; correlated endpoint and authentication records on ATL-ASSET-04. Verified source ownership, recorded timeline and checked related connections.",Documented investigation supports closure; follow-up recorded.,false,false,SYN-CHANGE-9-4,true,false,false
ATL-09-CASE-0005,2026-09-05T11:04:00+00:00,closed,2026-09-05T11:53:00+00:00,ATL-ASSET-05,medium,"Reviewed process tree for event 5; correlated endpoint and authentication records on ATL-ASSET-05. Verified source ownership, recorded timeline and checked related connections.",Documented investigation supports closure; follow-up recorded.,false,false,SYN-CHANGE-9-5,true,false,false
ATL-09-CASE-0006,2026-09-06T12:05:00+00:00,closed,2026-09-06T12:05:35+00:00,ATL-ASSET-06,critical,Checked. Closed.,,false,false,SYN-CHANGE-9-6,true,true,false
ATL-09-CASE-0007,2026-09-07T13:06:00+00:00,closed,2026-09-07T13:57:00+00:00,ATL-ASSET-07,high,"Reviewed process tree for event 7; correlated endpoint and authentication records on ATL-ASSET-07. Verified source ownership, recorded timeline and checked related connections.",Documented investigation supports closure; follow-up recorded.,false,false,SYN-CHANGE-9-7,true,false,false
ATL-09-CASE-0008,2026-09-08T14:07:00+00:00,closed,2026-09-08T14:59:00+00:00,ATL-ASSET-08,medium,"Reviewed process tree for event 8; correlated endpoint and authentication records on ATL-ASSET-08. Verified source ownership, recorded timeline and checked related connections.",Documented investigation supports closure; follow-up recorded.,false,false,SYN-CHANGE-9-8,true,false,false
ATL-09-CASE-0009,2026-09-09T15:08:00+00:00,closed,2026-09-09T16:01:00+00:00,ATL-ASSET-09,medium,"Reviewed process tree for event 9; correlated endpoint and authentication records on ATL-ASSET-09. Verified source ownership, recorded timeline and checked related connections.",Documented investigation supports closure; follow-up recorded.,false,false,SYN-CHANGE-9-9,true,false,false
ATL-09-CASE-0010,2026-09-10T16:09:00+00:00,closed,2026-09-10T17:03:00+00:00,ATL-ASSET-10,high,"Reviewed process tree for event 10; correlated endpoint and authentication records on ATL-ASSET-10. Verified source ownership, recorded timeline and checked related connections.",Documented investigation supports closure; follow-up recorded.,false,false,SYN-CHANGE-9-10,true,false,false
ATL-09-CASE-0011,2026-09-11T07:10:00+00:00,closed,2026-09-11T07:10:35+00:00,ATL-ASSET-11,critical,Checked. Closed.,,false,false,SYN-CHANGE-9-11,true,true,true
ATL-09-CASE-0012,2026-09-12T08:11:00+00:00,closed,2026-09-12T08:56:00+00:00,ATL-ASSET-12,medium,"Reviewed process tree for event 12; correlated endpoint and authentication records on ATL-ASSET-12. Verified source ownership, recorded timeline and checked related connections.",Documented investigation supports closure; follow-up recorded.,false,false,SYN-CHANGE-9-12,true,false,false
ATL-09-CASE-0013,2026-09-13T09:12:00+00:00,closed,2026-09-13T09:58:00+00:00,ATL-ASSET-01,high,"Reviewed process tree for event 13; correlated endpoint and authentication records on ATL-ASSET-01. Verified source ownership, recorded timeline and checked related connections.",Documented investigation supports closure; follow-up recorded.,false,false,SYN-CHANGE-9-13,true,false,false
ATL-09-CASE-0014,2026-09-14T10:13:00+00:00,closed,2026-09-14T11:00:00+00:00,ATL-ASSET-02,medium,"Reviewed process tree for event 14; correlated endpoint and authentication records on ATL-ASSET-02. Verified source ownership, recorded timeline and checked related connections.",Documented investigation supports closure; follow-up recorded.,false,false,SYN-CHANGE-9-14,true,false,false
ATL-09-CASE-0015,2026-09-15T11:14:00+00:00,closed,2026-09-15T12:02:00+00:00,ATL-ASSET-03,medium,"Reviewed process tree for event 15; correlated endpoint and authentication records on ATL-ASSET-03. Verified source ownership, recorded timeline and checked related connections.",Documented investigation supports closure; follow-up recorded.,false,false,SYN-CHANGE-9-15,true,false,false
ATL-09-CASE-0016,2026-09-16T12:15:00+00:00,closed,2026-09-16T12:15:35+00:00,ATL-ASSET-04,critical,Checked. Closed.,,false,false,SYN-CHANGE-9-16,true,true,false
ATL-09-CASE-0017,2026-09-17T13:16:00+00:00,closed,2026-09-17T14:06:00+00:00,ATL-ASSET-05,medium,"Reviewed process tree for event 17; correlated endpoint and authentication records on ATL-ASSET-05. Verified source ownership, recorded timeline and checked related connections.",Documented investigation supports closure; follow-up recorded.,false,false,SYN-CHANGE-9-17,true,false,false
ATL-09-CASE-0018,2026-09-18T14:17:00+00:00,closed,2026-09-18T15:08:00+00:00,ATL-ASSET-06,medium,"Reviewed process tree for event 18; correlated endpoint and authentication records on ATL-ASSET-06. Verified source ownership, recorded timeline and checked related connections.",Documented investigation supports closure; follow-up recorded.,false,false,SYN-CHANGE-9-18,true,false,false
ATL-09-CASE-0019,2026-09-19T15:18:00+00:00,closed,2026-09-19T16:10:00+00:00,ATL-ASSET-07,high,"Reviewed process tree for event 19; correlated endpoint and authentication records on ATL-ASSET-07. Verified source ownership, recorded timeline and checked related connections.",Documented investigation supports closure; follow-up recorded.,false,false,SYN-CHANGE-9-19,true,false,false
ATL-09-CASE-0020,2026-09-20T16:19:00+00:00,closed,2026-09-20T17:12:00+00:00,ATL-ASSET-08,medium,"Reviewed process tree for event 20; correlated endpoint and authentication records on ATL-ASSET-08. Verified source ownership, recorded timeline and checked related connections.",Documented investigation supports closure; follow-up recorded.,false,false,SYN-CHANGE-9-20,true,false,false
ATL-09-CASE-0021,2026-09-21T07:20:00+00:00,closed,2026-09-21T07:20:35+00:00,ATL-ASSET-09,critical,Checked. Closed.,,false,false,SYN-CHANGE-9-21,true,true,true
ATL-09-CASE-0022,2026-09-22T08:21:00+00:00,closed,2026-09-22T09:16:00+00:00,ATL-ASSET-10,high,"Reviewed process tree for event 22; correlated endpoint and authentication records on ATL-ASSET-10. Verified source ownership, recorded timeline and checked related connections.",Documented investigation supports closure; follow-up recorded.,false,false,SYN-CHANGE-9-22,true,false,false
ATL-09-CASE-0023,2026-09-23T09:22:00+00:00,closed,2026-09-23T10:07:00+00:00,ATL-ASSET-11,medium,"Reviewed process tree for event 23; correlated endpoint and authentication records on ATL-ASSET-11. Verified source ownership, recorded timeline and checked related connections.",Documented investigation supports closure; follow-up recorded.,false,false,SYN-CHANGE-9-23,true,false,false
ATL-09-CASE-0024,2026-09-24T10:23:00+00:00,closed,2026-09-24T11:09:00+00:00,ATL-ASSET-12,medium,"Reviewed process tree for event 24; correlated endpoint and authentication records on ATL-ASSET-12. Verified source ownership, recorded timeline and checked related connections.",Documented investigation supports closure; follow-up recorded.,false,false,SYN-CHANGE-9-24,true,false,false
ATL-09-CASE-0025,2026-09-25T11:24:00+00:00,closed,2026-09-25T12:11:00+00:00,ATL-ASSET-01,high,"Reviewed process tree for event 25; correlated endpoint and authentication records on ATL-ASSET-01. Verified source ownership, recorded timeline and checked related connections.",Documented investigation supports closure; follow-up recorded.,false,false,SYN-CHANGE-9-25,true,false,false
ATL-09-CASE-0026,2026-09-26T12:25:00+00:00,closed,2026-09-26T12:25:35+00:00,ATL-ASSET-02,critical,Checked. Closed.,,false,false,SYN-CHANGE-9-26,true,true,false
ATL-09-CASE-0027,2026-09-27T13:26:00+00:00,closed,2026-09-27T14:15:00+00:00,ATL-ASSET-03,medium,"Reviewed process tree for event 27; correlated endpoint and authentication records on ATL-ASSET-03. Verified source ownership, recorded timeline and checked related connections.",Documented investigation supports closure; follow-up recorded.,false,false,SYN-CHANGE-9-27,true,false,false
ATL-09-CASE-0028,2026-09-01T14:27:00+00:00,closed,2026-09-01T15:17:00+00:00,ATL-ASSET-04,high,"Reviewed process tree for event 28; correlated endpoint and authentication records on ATL-ASSET-04. Verified source ownership, recorded timeline and checked related connections.",Documented investigation supports closure; follow-up recorded.,false,false,SYN-CHANGE-9-28,true,false,false
ATL-09-CASE-0029,2026-09-02T15:28:00+00:00,closed,2026-09-02T16:19:00+00:00,ATL-ASSET-05,medium,"Reviewed process tree for event 29; correlated endpoint and authentication records on ATL-ASSET-05. Verified source ownership, recorded timeline and checked related connections.",Documented investigation supports closure; follow-up recorded.,false,false,SYN-CHANGE-9-29,true,false,false
ATL-09-CASE-0030,2026-09-03T16:29:00+00:00,closed,2026-09-03T17:21:00+00:00,ATL-ASSET-06,medium,"Reviewed process tree for event 30; correlated endpoint and authentication records on ATL-ASSET-06. Verified source ownership, recorded timeline and checked related connections.",Documented investigation supports closure; follow-up recorded.,false,false,SYN-CHANGE-9-30,true,false,false
ATL-09-CASE-0031,2026-09-04T07:30:00+00:00,closed,2026-09-04T07:30:35+00:00,ATL-ASSET-07,critical,Checked. Closed.,,false,false,SYN-CHANGE-9-31,true,true,true
ATL-09-CASE-0032,2026-09-05T08:31:00+00:00,closed,2026-09-05T08:31:15+00:00,ATL-ASSET-08,medium,,Approved duplicate suppression playbook,true,false,SYN-CHANGE-9-32,true,false,false
ATL-09-CASE-0033,2026-09-06T09:32:00+00:00,closed,2026-09-06T10:27:00+00:00,ATL-ASSET-09,medium,"Reviewed process tree for event 33; correlated endpoint and authentication records on ATL-ASSET-09. Verified source ownership, recorded timeline and checked related connections.",Documented investigation supports closure; follow-up recorded.,false,false,SYN-CHANGE-9-33,true,false,false
ATL-09-CASE-0034,2026-09-07T10:33:00+00:00,closed,2026-09-07T11:18:00+00:00,ATL-ASSET-10,high,"Reviewed process tree for event 34; correlated endpoint and authentication records on ATL-ASSET-10. Verified source ownership, recorded timeline and checked related connections.",Documented investigation supports closure; follow-up recorded.,false,false,SYN-CHANGE-9-34,true,false,false
ATL-09-CASE-0035,2026-09-08T11:34:00+00:00,closed,2026-09-08T12:20:00+00:00,ATL-ASSET-11,medium,"Reviewed process tree for event 35; correlated endpoint and authentication records on ATL-ASSET-11. Verified source ownership, recorded timeline and checked related connections.",Documented investigation supports closure; follow-up recorded.,false,false,SYN-CHANGE-9-35,true,false,false
ATL-09-CASE-0036,2026-09-09T12:35:00+00:00,closed,2026-09-09T12:35:35+00:00,ATL-ASSET-12,critical,Checked. Closed.,,false,false,SYN-CHANGE-9-36,true,true,false
ATL-09-CASE-0037,2026-09-10T13:36:00+00:00,closed,2026-09-10T14:24:00+00:00,ATL-ASSET-01,high,"Reviewed process tree for event 37; correlated endpoint and authentication records on ATL-ASSET-01. Verified source ownership, recorded timeline and checked related connections.",Documented investigation supports closure; follow-up recorded.,false,false,SYN-CHANGE-9-37,true,false,false
ATL-09-CASE-0038,2026-09-11T14:37:00+00:00,closed,2026-09-11T15:26:00+00:00,ATL-ASSET-02,medium,"Reviewed process tree for event 38; correlated endpoint and authentication records on ATL-ASSET-02. Verified source ownership, recorded timeline and checked related connections.",Documented investigation supports closure; follow-up recorded.,false,false,SYN-CHANGE-9-38,true,false,false
ATL-09-CASE-0039,2026-09-12T15:38:00+00:00,closed,2026-09-12T16:28:00+00:00,ATL-ASSET-03,medium,"Reviewed process tree for event 39; correlated endpoint and authentication records on ATL-ASSET-03. Verified source ownership, recorded timeline and checked related connections.",Documented investigation supports closure; follow-up recorded.,false,false,SYN-CHANGE-9-39,true,false,false
ATL-09-CASE-0040,2026-09-13T16:39:00+00:00,closed,2026-09-13T17:30:00+00:00,ATL-ASSET-04,high,"Reviewed process tree for event 40; correlated endpoint and authentication records on ATL-ASSET-04. Verified source ownership, recorded timeline and checked related connections.",Documented investigation supports closure; follow-up recorded.,false,false,SYN-CHANGE-9-40,true,false,false
ATL-09-CASE-0041,2026-09-14T07:40:00+00:00,closed,2026-09-14T07:40:35+00:00,ATL-ASSET-05,critical,Checked. Closed.,,false,false,SYN-CHANGE-9-41,true,true,true
ATL-09-CASE-0042,2026-09-15T08:41:00+00:00,closed,2026-09-15T09:34:00+00:00,ATL-ASSET-06,medium,"Reviewed process tree for event 42; correlated endpoint and authentication records on ATL-ASSET-06. Verified source ownership, recorded timeline and checked related connections.",Documented investigation supports closure; follow-up recorded.,false,false,SYN-CHANGE-9-42,true,false,false
ATL-09-CASE-0043,2026-09-16T09:42:00+00:00,closed,2026-09-16T10:36:00+00:00,ATL-ASSET-07,high,"Reviewed process tree for event 43; correlated endpoint and authentication records on ATL-ASSET-07. Verified source ownership, recorded timeline and checked related connections.",Documented investigation supports closure; follow-up recorded.,false,false,SYN-CHANGE-9-43,true,false,false
ATL-09-CASE-0044,2026-09-17T10:43:00+00:00,closed,2026-09-17T11:38:00+00:00,ATL-ASSET-08,medium,"Reviewed process tree for event 44; correlated endpoint and authentication records on ATL-ASSET-08. Verified source ownership, recorded timeline and checked related connections.",Documented investigation supports closure; follow-up recorded.,false,false,SYN-CHANGE-9-44,true,false,false
ATL-09-CASE-0045,2026-09-18T11:44:00+00:00,closed,2026-09-18T12:29:00+00:00,ATL-ASSET-09,medium,"Reviewed process tree for event 45; correlated endpoint and authentication records on ATL-ASSET-09. Verified source ownership, recorded timeline and checked related connections.",Documented investigation supports closure; follow-up recorded.,false,false,SYN-CHANGE-9-45,true,false,false
ATL-09-CASE-0046,2026-09-19T12:00:00+00:00,closed,2026-09-19T12:00:35+00:00,ATL-ASSET-10,critical,Checked. Closed.,,false,false,SYN-CHANGE-9-46,true,true,false
ATL-09-CASE-0047,2026-09-20T13:01:00+00:00,closed,2026-09-20T13:48:00+00:00,ATL-ASSET-11,medium,"Reviewed process tree for event 47; correlated endpoint and authentication records on ATL-ASSET-11. Verified source ownership, recorded timeline and checked related connections.",Documented investigation supports closure; follow-up recorded.,false,false,SYN-CHANGE-9-47,true,false,false
ATL-09-CASE-0048,2026-09-21T14:02:00+00:00,closed,2026-09-21T14:50:00+00:00,ATL-ASSET-12,medium,"Reviewed process tree for event 48; correlated endpoint and authentication records on ATL-ASSET-12. Verified source ownership, recorded timeline and checked related connections.",Documented investigation supports closure; follow-up recorded.,false,false,SYN-CHANGE-9-48,true,false,false
ATL-09-CASE-0049,2026-09-22T15:03:00+00:00,closed,2026-09-22T15:52:00+00:00,ATL-ASSET-01,high,"Reviewed process tree for event 49; correlated endpoint and authentication records on ATL-ASSET-01. Verified source ownership, recorded timeline and checked related connections.",Documented investigation supports closure; follow-up recorded.,false,false,SYN-CHANGE-9-49,true,false,false
ATL-09-CASE-0050,2026-09-23T16:04:00+00:00,closed,2026-09-23T16:54:00+00:00,ATL-ASSET-02,medium,"Reviewed process tree for event 50; correlated endpoint and authentication records on ATL-ASSET-02. Verified source ownership, recorded timeline and checked related connections.",Documented investigation supports closure; follow-up recorded.,false,false,SYN-CHANGE-9-50,true,false,false
ATL-09-CASE-0051,2026-09-24T07:05:00+00:00,closed,2026-09-24T07:05:35+00:00,ATL-ASSET-03,critical,Checked. Closed.,,false,false,SYN-CHANGE-9-51,true,true,true
ATL-09-CASE-0052,2026-09-25T08:06:00+00:00,closed,2026-09-25T08:58:00+00:00,ATL-ASSET-04,high,"Reviewed process tree for event 52; correlated endpoint and authentication records on ATL-ASSET-04. Verified source ownership, recorded timeline and checked related connections.",Documented investigation supports closure; follow-up recorded.,false,false,SYN-CHANGE-9-52,true,false,false
ATL-09-CASE-0053,2026-09-26T09:07:00+00:00,closed,2026-09-26T10:00:00+00:00,ATL-ASSET-05,medium,"Reviewed process tree for event 53; correlated endpoint and authentication records on ATL-ASSET-05. Verified source ownership, recorded timeline and checked related connections.",Documented investigation supports closure; follow-up recorded.,false,false,SYN-CHANGE-9-53,true,false,false
ATL-09-CASE-0054,2026-09-27T10:08:00+00:00,closed,2026-09-27T11:02:00+00:00,ATL-ASSET-06,medium,"Reviewed process tree for event 54; correlated endpoint and authentication records on ATL-ASSET-06. Verified source ownership, recorded timeline and checked related connections.",Documented investigation supports closure; follow-up recorded.,false,false,SYN-CHANGE-9-54,true,false,false
ATL-09-CASE-0055,2026-09-01T11:09:00+00:00,closed,2026-09-01T12:04:00+00:00,ATL-ASSET-07,high,"Reviewed process tree for event 55; correlated endpoint and authentication records on ATL-ASSET-07. Verified source ownership, recorded timeline and checked related connections.",Documented investigation supports closure; follow-up recorded.,false,false,SYN-CHANGE-9-55,true,false,false
ATL-09-CASE-0056,2026-09-02T12:10:00+00:00,closed,2026-09-02T12:55:00+00:00,ATL-ASSET-08,critical,"Reviewed process tree for event 56; correlated endpoint and authentication records on ATL-ASSET-08. Verified source ownership, recorded timeline and checked related connections.",Documented investigation supports closure; follow-up recorded.,false,false,SYN-CHANGE-9-56,true,true,false
ATL-09-CASE-0057,2026-09-03T13:11:00+00:00,closed,2026-09-03T13:57:00+00:00,ATL-ASSET-09,medium,"Reviewed process tree for event 57; correlated endpoint and authentication records on ATL-ASSET-09. Verified source ownership, recorded timeline and checked related connections.",Documented investigation supports closure; follow-up recorded.,false,false,SYN-CHANGE-9-57,true,false,false
ATL-09-CASE-0058,2026-09-04T14:12:00+00:00,closed,2026-09-04T14:59:00+00:00,ATL-ASSET-10,high,"Reviewed process tree for event 58; correlated endpoint and authentication records on ATL-ASSET-10. Verified source ownership, recorded timeline and checked related connections.",Documented investigation supports closure; follow-up recorded.,false,false,SYN-CHANGE-9-58,true,false,false
ATL-09-CASE-0059,2026-09-05T15:13:00+00:00,closed,2026-09-05T16:01:00+00:00,ATL-ASSET-11,medium,"Reviewed process tree for event 59; correlated endpoint and authentication records on ATL-ASSET-11. Verified source ownership, recorded timeline and checked related connections.",Documented investigation supports closure; follow-up recorded.,false,false,SYN-CHANGE-9-59,true,false,false
ATL-09-CASE-0060,2026-09-06T16:14:00+00:00,closed,2026-09-06T17:03:00+00:00,ATL-ASSET-12,medium,"Reviewed process tree for event 60; correlated endpoint and authentication records on ATL-ASSET-12. Verified source ownership, recorded timeline and checked related connections.",Documented investigation supports closure; follow-up recorded.,false,false,SYN-CHANGE-9-60,true,false,false
ATL-09-CASE-0061,2026-09-07T07:15:00+00:00,closed,2026-09-07T08:05:00+00:00,ATL-ASSET-01,critical,"Reviewed process tree for event 61; correlated endpoint and authentication records on ATL-ASSET-01. Verified source ownership, recorded timeline and checked related connections.",Documented investigation supports closure; follow-up recorded.,false,false,SYN-CHANGE-9-61,true,true,true
ATL-09-CASE-0062,2026-09-08T08:16:00+00:00,closed,2026-09-08T09:07:00+00:00,ATL-ASSET-02,medium,Reviewed the security alert and performed standard checks. No suspicious activity identified. The case was closed according to the documented procedure.,Documented investigation supports closure; follow-up recorded.,false,false,SYN-CHANGE-9-62,true,false,false
ATL-09-CASE-0063,2026-09-09T09:17:00+00:00,closed,2026-09-09T09:17:15+00:00,ATL-ASSET-03,medium,,Approved duplicate suppression playbook,true,false,SYN-CHANGE-9-63,true,false,false
ATL-09-CASE-0064,2026-09-10T10:18:00+00:00,closed,2026-09-10T11:11:00+00:00,ATL-ASSET-04,high,Reviewed the security alert and performed standard checks. No suspicious activity identified. The case was closed according to the documented procedure.,Documented investigation supports closure; follow-up recorded.,false,false,SYN-CHANGE-9-64,true,false,false
ATL-09-CASE-0065,2026-09-11T11:19:00+00:00,closed,2026-09-11T12:13:00+00:00,ATL-ASSET-05,medium,Reviewed the security alert and performed standard checks. No suspicious activity identified. The case was closed according to the documented procedure.,Documented investigation supports closure; follow-up recorded.,false,false,SYN-CHANGE-9-65,true,false,false
ATL-09-CASE-0066,2026-09-12T12:20:00+00:00,closed,2026-09-12T13:15:00+00:00,ATL-ASSET-06,critical,Reviewed the security alert and performed standard checks. No suspicious activity identified. The case was closed according to the documented procedure.,Documented investigation supports closure; follow-up recorded.,false,false,SYN-CHANGE-9-66,true,true,false
ATL-09-CASE-0067,2026-09-13T13:21:00+00:00,closed,2026-09-13T14:06:00+00:00,ATL-ASSET-07,high,Reviewed the security alert and performed standard checks. No suspicious activity identified. The case was closed according to the documented procedure.,Documented investigation supports closure; follow-up recorded.,false,false,SYN-CHANGE-9-67,true,false,false
ATL-09-CASE-0068,2026-09-14T14:22:00+00:00,closed,2026-09-14T15:08:00+00:00,ATL-ASSET-08,medium,Reviewed the security alert and performed standard checks. No suspicious activity identified. The case was closed according to the documented procedure.,Documented investigation supports closure; follow-up recorded.,false,false,SYN-CHANGE-9-68,true,false,false
ATL-09-CASE-0069,2026-09-15T15:23:00+00:00,closed,2026-09-15T16:10:00+00:00,ATL-ASSET-09,medium,Reviewed the security alert and performed standard checks. No suspicious activity identified. The case was closed according to the documented procedure.,Documented investigation supports closure; follow-up recorded.,false,false,SYN-CHANGE-9-69,true,false,false
ATL-09-CASE-0070,2026-09-16T16:24:00+00:00,closed,2026-09-16T17:12:00+00:00,ATL-ASSET-10,high,Reviewed the security alert and performed standard checks. No suspicious activity identified. The case was closed according to the documented procedure.,Documented investigation supports closure; follow-up recorded.,false,false,SYN-CHANGE-9-70,true,false,false
ATL-09-CASE-0071,2026-09-17T07:25:00+00:00,closed,2026-09-17T08:14:00+00:00,ATL-ASSET-11,critical,Reviewed the security alert and performed standard checks. No suspicious activity identified. The case was closed according to the documented procedure.,Documented investigation supports closure; follow-up recorded.,false,false,SYN-CHANGE-9-71,true,true,true
ATL-09-CASE-0072,2026-09-18T08:26:00+00:00,closed,2026-09-18T09:16:00+00:00,ATL-ASSET-12,medium,Reviewed the security alert and performed standard checks. No suspicious activity identified. The case was closed according to the documented procedure.,Documented investigation supports closure; follow-up recorded.,false,false,SYN-CHANGE-9-72,true,false,false
ATL-09-CASE-0073,2026-09-19T09:27:00+00:00,closed,2026-09-19T10:18:00+00:00,ATL-ASSET-01,high,Reviewed the security alert and performed standard checks. No suspicious activity identified. The case was closed according to the documented procedure.,Documented investigation supports closure; follow-up recorded.,false,false,SYN-CHANGE-9-73,true,false,false
ATL-09-CASE-0074,2026-09-20T10:28:00+00:00,closed,2026-09-20T11:20:00+00:00,ATL-ASSET-02,medium,Reviewed the security alert and performed standard checks. No suspicious activity identified. The case was closed according to the documented procedure.,Documented investigation supports closure; follow-up recorded.,false,false,SYN-CHANGE-9-74,true,false,false
ATL-09-CASE-0075,2026-09-21T11:29:00+00:00,closed,2026-09-21T12:22:00+00:00,ATL-ASSET-03,medium,Reviewed the security alert and performed standard checks. No suspicious activity identified. The case was closed according to the documented procedure.,Documented investigation supports closure; follow-up recorded.,false,false,SYN-CHANGE-9-75,true,false,false
ATL-09-CASE-0076,2026-09-22T12:30:00+00:00,closed,2026-09-22T13:24:00+00:00,ATL-ASSET-04,critical,"Reviewed process tree for event 76; correlated endpoint and authentication records on ATL-ASSET-04. Verified source ownership, recorded timeline and checked related connections.",Documented investigation supports closure; follow-up recorded.,false,false,SYN-CHANGE-9-76,true,true,false
ATL-09-CASE-0077,2026-09-23T13:31:00+00:00,closed,2026-09-23T14:26:00+00:00,ATL-ASSET-05,medium,"Reviewed process tree for event 77; correlated endpoint and authentication records on ATL-ASSET-05. Verified source ownership, recorded timeline and checked related connections.",Documented investigation supports closure; follow-up recorded.,false,false,SYN-CHANGE-9-77,true,false,false
ATL-09-CASE-0078,2026-09-24T14:32:00+00:00,closed,2026-09-24T15:17:00+00:00,ATL-ASSET-06,medium,"Reviewed process tree for event 78; correlated endpoint and authentication records on ATL-ASSET-06. Verified source ownership, recorded timeline and checked related connections.",Documented investigation supports closure; follow-up recorded.,false,false,SYN-CHANGE-9-78,true,false,false
ATL-09-CASE-0079,2026-09-25T15:33:00+00:00,closed,2026-09-25T16:19:00+00:00,ATL-ASSET-07,high,"Reviewed process tree for event 79; correlated endpoint and authentication records on ATL-ASSET-07. Verified source ownership, recorded timeline and checked related connections.",Documented investigation supports closure; follow-up recorded.,false,false,SYN-CHANGE-9-79,true,false,false
ATL-09-CASE-0080,2026-09-26T16:34:00+00:00,closed,2026-09-26T17:21:00+00:00,ATL-ASSET-08,medium,"Reviewed process tree for event 80; correlated endpoint and authentication records on ATL-ASSET-08. Verified source ownership, recorded timeline and checked related connections.",Documented investigation supports closure; follow-up recorded.,false,false,SYN-CHANGE-9-80,true,false,false
ATL-09-CASE-0081,2026-09-27T07:35:00+00:00,closed,2026-09-27T08:23:00+00:00,ATL-ASSET-09,critical,"Reviewed process tree for event 81; correlated endpoint and authentication records on ATL-ASSET-09. Verified source ownership, recorded timeline and checked related connections.",Documented investigation supports closure; follow-up recorded.,false,false,SYN-CHANGE-9-81,true,true,true
ATL-09-CASE-0082,2026-09-01T08:36:00+00:00,closed,2026-09-01T09:25:00+00:00,ATL-ASSET-10,high,"Reviewed process tree for event 82; correlated endpoint and authentication records on ATL-ASSET-10. Verified source ownership, recorded timeline and checked related connections.",Documented investigation supports closure; follow-up recorded.,false,false,SYN-CHANGE-9-82,true,false,false
ATL-09-CASE-0083,2026-09-02T09:37:00+00:00,closed,2026-09-02T10:27:00+00:00,ATL-ASSET-11,medium,"Reviewed process tree for event 83; correlated endpoint and authentication records on ATL-ASSET-11. Verified source ownership, recorded timeline and checked related connections.",Documented investigation supports closure; follow-up recorded.,false,false,SYN-CHANGE-9-83,true,false,false
ATL-09-CASE-0084,2026-09-03T10:38:00+00:00,closed,2026-09-03T11:29:00+00:00,ATL-ASSET-12,medium,"Reviewed process tree for event 84; correlated endpoint and authentication records on ATL-ASSET-12. Verified source ownership, recorded timeline and checked related connections.",Documented investigation supports closure; follow-up recorded.,false,false,SYN-CHANGE-9-84,true,false,false
ATL-09-CASE-0085,2026-09-04T11:39:00+00:00,closed,2026-09-04T12:31:00+00:00,ATL-ASSET-01,high,"Reviewed process tree for event 85; correlated endpoint and authentication records on ATL-ASSET-01. Verified source ownership, recorded timeline and checked related connections.",Documented investigation supports closure; follow-up recorded.,false,false,SYN-CHANGE-9-85,true,false,false
ATL-09-CASE-0086,2026-09-05T12:40:00+00:00,closed,2026-09-05T13:33:00+00:00,ATL-ASSET-02,critical,"Reviewed process tree for event 86; correlated endpoint and authentication records on ATL-ASSET-02. Verified source ownership, recorded timeline and checked related connections.",Documented investigation supports closure; follow-up recorded.,false,false,SYN-CHANGE-9-86,true,true,false
ATL-09-CASE-0087,2026-09-06T13:41:00+00:00,closed,2026-09-06T14:35:00+00:00,ATL-ASSET-03,medium,"Reviewed process tree for event 87; correlated endpoint and authentication records on ATL-ASSET-03. Verified source ownership, recorded timeline and checked related connections.",Documented investigation supports closure; follow-up recorded.,false,false,SYN-CHANGE-9-87,true,false,false
ATL-09-CASE-0088,2026-09-07T14:42:00+00:00,closed,2026-09-07T15:37:00+00:00,ATL-ASSET-04,high,"Reviewed process tree for event 88; correlated endpoint and authentication records on ATL-ASSET-04. Verified source ownership, recorded timeline and checked related connections.",Documented investigation supports closure; follow-up recorded.,false,false,SYN-CHANGE-9-88,true,false,false
ATL-09-CASE-0089,2026-09-08T15:43:00+00:00,closed,2026-09-08T16:28:00+00:00,ATL-ASSET-05,medium,"Reviewed process tree for event 89; correlated endpoint and authentication records on ATL-ASSET-05. Verified source ownership, recorded timeline and checked related connections.",Documented investigation supports closure; follow-up recorded.,false,false,SYN-CHANGE-9-89,true,false,false
ATL-09-CASE-0090,2026-09-09T16:44:00+00:00,closed,2026-09-09T17:30:00+00:00,ATL-ASSET-06,medium,"Reviewed process tree for event 90; correlated endpoint and authentication records on ATL-ASSET-06. Verified source ownership, recorded timeline and checked related connections.",Documented investigation supports closure; follow-up recorded.,false,false,SYN-CHANGE-9-90,true,false,false
ATL-09-CASE-0091,2026-09-10T07:00:00+00:00,closed,2026-09-10T07:47:00+00:00,ATL-ASSET-11,critical,"Reviewed process tree for event 91; correlated endpoint and authentication records on ATL-ASSET-07. Verified source ownership, recorded timeline and checked related connections.",Documented investigation supports closure; follow-up recorded.,false,false,,true,true,true
ATL-09-CASE-0092,2026-09-11T08:01:00+00:00,closed,2026-09-11T08:49:00+00:00,ATL-ASSET-11,medium,"Reviewed process tree for event 92; correlated endpoint and authentication records on ATL-ASSET-08. Verified source ownership, recorded timeline and checked related connections.",Documented investigation supports closure; follow-up recorded.,false,false,,true,false,false
ATL-09-CASE-0093,2026-09-12T09:02:00+00:00,closed,2026-09-12T09:51:00+00:00,ATL-ASSET-11,medium,"Reviewed process tree for event 93; correlated endpoint and authentication records on ATL-ASSET-09. Verified source ownership, recorded timeline and checked related connections.",Documented investigation supports closure; follow-up recorded.,false,false,,true,false,false
ATL-09-CASE-0094,2026-09-13T10:03:00+00:00,closed,2026-09-13T10:03:15+00:00,ATL-ASSET-11,high,,Approved duplicate suppression playbook,true,false,,true,false,false
ATL-09-CASE-0095,2026-09-14T11:04:00+00:00,closed,2026-09-14T11:55:00+00:00,ATL-ASSET-11,medium,"Reviewed process tree for event 95; correlated endpoint and authentication records on ATL-ASSET-11. Verified source ownership, recorded timeline and checked related connections.",Documented investigation supports closure; follow-up recorded.,false,false,,true,false,false
ATL-09-CASE-0096,2026-09-15T12:05:00+00:00,closed,2026-09-15T12:57:00+00:00,ATL-ASSET-11,critical,"Reviewed process tree for event 96; correlated endpoint and authentication records on ATL-ASSET-12. Verified source ownership, recorded timeline and checked related connections.",Documented investigation supports closure; follow-up recorded.,false,false,,true,true,false
ATL-09-CASE-0097,2026-09-16T13:06:00+00:00,closed,2026-09-16T13:59:00+00:00,ATL-ASSET-11,high,"Reviewed process tree for event 97; correlated endpoint and authentication records on ATL-ASSET-01. Verified source ownership, recorded timeline and checked related connections.",Documented investigation supports closure; follow-up recorded.,false,false,,true,false,false
ATL-09-CASE-0098,2026-09-17T14:07:00+00:00,closed,2026-09-17T15:01:00+00:00,ATL-ASSET-11,medium,"Reviewed process tree for event 98; correlated endpoint and authentication records on ATL-ASSET-02. Verified source ownership, recorded timeline and checked related connections.",Documented investigation supports closure; follow-up recorded.,false,false,,true,false,false
ATL-09-CASE-0099,2026-09-18T15:08:00+00:00,closed,2026-09-18T16:03:00+00:00,ATL-ASSET-11,medium,"Reviewed process tree for event 99; correlated endpoint and authentication records on ATL-ASSET-03. Verified source ownership, recorded timeline and checked related connections.",Documented investigation supports closure; follow-up recorded.,false,false,,true,false,false
ATL-09-CASE-0100,2026-09-19T16:09:00+00:00,closed,2026-09-19T16:54:00+00:00,ATL-ASSET-11,high,"Reviewed process tree for event 100; correlated endpoint and authentication records on ATL-ASSET-04. Verified source ownership, recorded timeline and checked related connections.",Documented investigation supports closure; follow-up recorded.,false,false,,true,false,false
ATL-09-CASE-0101,2026-09-20T07:10:00+00:00,closed,2026-09-20T07:56:00+00:00,ATL-ASSET-05,critical,"Reviewed process tree for event 101; correlated endpoint and authentication records on ATL-ASSET-05. Verified source ownership, recorded timeline and checked related connections.",Documented investigation supports closure; follow-up recorded.,false,false,SYN-CHANGE-9-101,true,true,true
ATL-09-CASE-0102,2026-09-21T08:11:00+00:00,closed,2026-09-21T08:58:00+00:00,ATL-ASSET-06,medium,Acknowledged. Closed.,,false,false,SYN-CHANGE-9-102,true,false,false
ATL-09-CASE-0103,2026-09-22T09:12:00+00:00,closed,2026-09-22T10:00:00+00:00,ATL-ASSET-07,high,Acknowledged. Closed.,,false,false,SYN-CHANGE-9-103,true,false,false
ATL-09-CASE-0104,2026-09-23T10:13:00+00:00,closed,2026-09-23T11:02:00+00:00,ATL-ASSET-08,medium,Acknowledged. Closed.,,false,false,SYN-CHANGE-9-104,true,false,false
ATL-09-CASE-0105,2026-09-24T11:14:00+00:00,closed,2026-09-24T12:04:00+00:00,ATL-ASSET-09,medium,Acknowledged. Closed.,,false,false,SYN-CHANGE-9-105,true,false,false
ATL-09-CASE-0106,2026-09-25T12:15:00+00:00,closed,2026-09-25T13:06:00+00:00,ATL-ASSET-10,critical,Acknowledged. Closed.,,false,false,SYN-CHANGE-9-106,true,true,false
ATL-09-CASE-0107,2026-09-26T13:16:00+00:00,closed,2026-09-26T14:08:00+00:00,ATL-ASSET-11,medium,Acknowledged. Closed.,,false,false,SYN-CHANGE-9-107,true,false,false
ATL-09-CASE-0108,2026-09-27T14:17:00+00:00,closed,2026-09-27T15:10:00+00:00,ATL-ASSET-12,medium,Acknowledged. Closed.,,false,false,SYN-CHANGE-9-108,true,false,false
ATL-09-CASE-0109,2026-09-01T15:18:00+00:00,closed,2026-09-01T16:12:00+00:00,ATL-ASSET-01,high,Acknowledged. Closed.,,false,false,SYN-CHANGE-9-109,true,false,false
ATL-09-CASE-0110,2026-09-02T16:19:00+00:00,closed,2026-09-02T17:14:00+00:00,ATL-ASSET-02,medium,Acknowledged. Closed.,,false,false,SYN-CHANGE-9-110,true,false,false
ATL-09-CASE-0111,2026-09-03T07:20:00+00:00,closed,2026-09-03T07:27:00+00:00,ATL-ASSET-03,critical,Acknowledged. Closed.,,false,false,SYN-CHANGE-9-111,true,true,true
ATL-09-CASE-0112,2026-09-04T08:21:00+00:00,closed,2026-09-04T09:07:00+00:00,ATL-ASSET-04,high,Acknowledged. Closed.,,false,false,SYN-CHANGE-9-112,true,false,false
ATL-09-CASE-0113,2026-09-05T09:22:00+00:00,closed,2026-09-05T10:09:00+00:00,ATL-ASSET-05,medium,Acknowledged. Closed.,,false,false,SYN-CHANGE-9-113,true,false,false
ATL-09-CASE-0114,2026-09-06T10:23:00+00:00,closed,2026-09-06T11:11:00+00:00,ATL-ASSET-06,medium,Acknowledged. Closed.,,false,false,SYN-CHANGE-9-114,true,false,false
ATL-09-CASE-0115,2026-09-07T11:24:00+00:00,closed,2026-09-07T12:13:00+00:00,ATL-ASSET-07,high,Acknowledged. Closed.,,false,false,SYN-CHANGE-9-115,true,false,false
ATL-09-CASE-0116,2026-09-08T12:25:00+00:00,closed,2026-09-08T13:15:00+00:00,ATL-ASSET-08,critical,Acknowledged. Closed.,,false,false,SYN-CHANGE-9-116,true,true,false
ATL-09-CASE-0117,2026-09-09T13:26:00+00:00,closed,2026-09-09T14:17:00+00:00,ATL-ASSET-09,medium,Acknowledged. Closed.,,false,false,SYN-CHANGE-9-117,true,false,false
ATL-09-CASE-0118,2026-09-10T14:27:00+00:00,closed,2026-09-10T15:19:00+00:00,ATL-ASSET-10,high,Acknowledged. Closed.,,false,false,SYN-CHANGE-9-118,true,false,false
ATL-09-CASE-0119,2026-09-11T15:28:00+00:00,closed,2026-09-11T16:21:00+00:00,ATL-ASSET-11,medium,Acknowledged. Closed.,,false,false,SYN-CHANGE-9-119,true,false,false
ATL-09-CASE-0120,2026-09-12T16:29:00+00:00,closed,2026-09-12T17:23:00+00:00,ATL-ASSET-12,medium,Acknowledged. Closed.,,false,false,SYN-CHANGE-9-120,true,false,false
ATL-09-CASE-0121,2026-09-13T07:30:00+00:00,closed,2026-09-13T08:25:00+00:00,ATL-ASSET-01,critical,Acknowledged. Closed.,,false,false,SYN-CHANGE-9-121,true,true,true
ATL-09-CASE-0122,2026-09-14T08:31:00+00:00,closed,2026-09-14T09:16:00+00:00,ATL-ASSET-02,medium,Acknowledged. Closed.,,false,false,SYN-CHANGE-9-122,true,false,false
ATL-09-CASE-0123,2026-09-15T09:32:00+00:00,closed,2026-09-15T10:18:00+00:00,ATL-ASSET-03,medium,Acknowledged. Closed.,,false,false,SYN-CHANGE-9-123,true,false,false
ATL-09-CASE-0124,2026-09-16T10:33:00+00:00,closed,2026-09-16T11:20:00+00:00,ATL-ASSET-04,high,Acknowledged. Closed.,,false,false,SYN-CHANGE-9-124,true,false,false
ATL-09-CASE-0125,2026-09-17T11:34:00+00:00,closed,2026-09-17T11:34:15+00:00,ATL-ASSET-05,medium,,Approved duplicate suppression playbook,true,false,SYN-CHANGE-9-125,true,false,false
ATL-09-CASE-0126,2026-09-18T12:35:00+00:00,closed,2026-09-18T13:24:00+00:00,ATL-ASSET-06,critical,Acknowledged. Closed.,,false,false,SYN-CHANGE-9-126,true,true,false
ATL-09-CASE-0127,2026-09-19T13:36:00+00:00,closed,2026-09-19T14:26:00+00:00,ATL-ASSET-07,high,Acknowledged. Closed.,,false,false,SYN-CHANGE-9-127,true,false,false
ATL-09-CASE-0128,2026-09-20T14:37:00+00:00,closed,2026-09-20T15:28:00+00:00,ATL-ASSET-08,medium,Acknowledged. Closed.,,false,false,SYN-CHANGE-9-128,true,false,false
ATL-09-CASE-0129,2026-09-21T15:38:00+00:00,closed,2026-09-21T16:30:00+00:00,ATL-ASSET-09,medium,Acknowledged. Closed.,,false,false,SYN-CHANGE-9-129,true,false,false
ATL-09-CASE-0130,2026-09-22T16:39:00+00:00,closed,2026-09-22T17:32:00+00:00,ATL-ASSET-10,high,Acknowledged. Closed.,,false,false,SYN-CHANGE-9-130,true,false,false
ATL-09-CASE-0131,2026-09-23T07:40:00+00:00,closed,2026-09-23T08:34:00+00:00,ATL-ASSET-11,critical,Acknowledged. Closed.,,false,false,SYN-CHANGE-9-131,true,true,true
ATL-09-CASE-0132,2026-09-24T08:41:00+00:00,closed,2026-09-24T09:36:00+00:00,ATL-ASSET-12,medium,Acknowledged. Closed.,,false,false,SYN-CHANGE-9-132,true,false,false
ATL-09-CASE-0133,2026-09-25T09:42:00+00:00,closed,2026-09-25T10:27:00+00:00,ATL-ASSET-01,high,Acknowledged. Closed.,,false,false,SYN-CHANGE-9-133,true,false,false
ATL-09-CASE-0134,2026-09-26T10:43:00+00:00,closed,2026-09-26T11:29:00+00:00,ATL-ASSET-02,medium,Acknowledged. Closed.,,false,false,SYN-CHANGE-9-134,true,false,false
ATL-09-CASE-0135,2026-09-27T11:44:00+00:00,closed,2026-09-27T12:31:00+00:00,ATL-ASSET-03,medium,Acknowledged. Closed.,,false,false,SYN-CHANGE-9-135,true,false,false
ATL-09-CASE-0136,2026-09-01T12:00:00+00:00,closed,2026-09-01T12:48:00+00:00,ATL-ASSET-04,critical,Acknowledged. Closed.,,false,false,SYN-CHANGE-9-136,true,true,false
ATL-09-CASE-0137,2026-09-02T13:01:00+00:00,closed,2026-09-02T13:50:00+00:00,ATL-ASSET-05,medium,Acknowledged. Closed.,,false,false,SYN-CHANGE-9-137,true,false,false
ATL-09-CASE-0138,2026-09-03T14:02:00+00:00,closed,2026-09-03T14:52:00+00:00,ATL-ASSET-06,medium,Acknowledged. Closed.,,false,false,SYN-CHANGE-9-138,true,false,false
ATL-09-CASE-0139,2026-09-04T15:03:00+00:00,closed,2026-09-04T15:54:00+00:00,ATL-ASSET-07,high,Acknowledged. Closed.,,false,false,SYN-CHANGE-9-139,true,false,false
ATL-09-CASE-0140,2026-09-05T16:04:00+00:00,closed,2026-09-05T16:56:00+00:00,ATL-ASSET-08,medium,Acknowledged. Closed.,,false,false,SYN-CHANGE-9-140,true,false,false
ATL-09-CASE-0141,2026-09-06T07:05:00+00:00,closed,2026-09-06T07:58:00+00:00,ATL-ASSET-09,critical,Acknowledged. Closed.,,false,false,SYN-CHANGE-9-141,true,true,true
ATL-09-CASE-0142,2026-09-07T08:06:00+00:00,closed,2026-09-07T09:00:00+00:00,ATL-ASSET-10,high,Acknowledged. Closed.,,false,false,SYN-CHANGE-9-142,true,false,false
ATL-09-CASE-0143,2026-09-08T09:07:00+00:00,closed,2026-09-08T10:02:00+00:00,ATL-ASSET-11,medium,Acknowledged. Closed.,,false,false,SYN-CHANGE-9-143,true,false,false
ATL-09-CASE-0144,2026-09-09T10:08:00+00:00,closed,2026-09-09T10:53:00+00:00,ATL-ASSET-12,medium,Acknowledged. Closed.,,false,false,SYN-CHANGE-9-144,true,false,false
ATL-09-CASE-0145,2026-09-10T11:09:00+00:00,closed,2026-09-10T11:55:00+00:00,ATL-ASSET-01,high,Acknowledged. Closed.,,false,false,SYN-CHANGE-9-145,true,false,false
ATL-09-CASE-0146,2026-09-11T12:10:00+00:00,closed,2026-09-11T12:57:00+00:00,ATL-ASSET-02,critical,Acknowledged. Closed.,,false,false,SYN-CHANGE-9-146,true,true,false
ATL-09-CASE-0147,2026-09-12T13:11:00+00:00,closed,2026-09-12T13:59:00+00:00,ATL-ASSET-03,medium,Acknowledged. Closed.,,false,false,SYN-CHANGE-9-147,true,false,false
ATL-09-CASE-0148,2026-09-13T14:12:00+00:00,closed,2026-09-13T15:01:00+00:00,ATL-ASSET-04,high,Acknowledged. Closed.,,false,false,SYN-CHANGE-9-148,true,false,false
ATL-09-CASE-0149,2026-09-14T15:13:00+00:00,closed,2026-09-14T16:03:00+00:00,ATL-ASSET-05,medium,Acknowledged. Closed.,,false,false,SYN-CHANGE-9-149,true,false,false
ATL-09-CASE-0150,2026-09-15T16:14:00+00:00,closed,2026-09-15T17:05:00+00:00,ATL-ASSET-06,medium,Acknowledged. Closed.,,false,false,SYN-CHANGE-9-150,true,false,false
ATL-09-CASE-0151,2026-09-16T07:15:00+00:00,closed,2026-09-16T08:07:00+00:00,ATL-ASSET-07,critical,Acknowledged. Closed.,,false,false,SYN-CHANGE-9-151,true,true,true
ATL-09-CASE-0152,2026-09-17T08:16:00+00:00,closed,2026-09-17T16:16:00+00:00,ATL-ASSET-08,medium,Extended evidence narrative for unusual event 151 on ATL-ASSET-08. Extended evidence narrative for unusual event 151 on ATL-ASSET-08. Extended evidence narrative for unusual event 151 on ATL-ASSET-08. Extended evidence narrative for unusual event 151 on ATL-ASSET-08. Extended evidence narrative for unusual event 151 on ATL-ASSET-08. Extended evidence narrative for unusual event 151 on ATL-ASSET-08. Extended evidence narrative for unusual event 151 on ATL-ASSET-08. Extended evidence narrative for unusual event 151 on ATL-ASSET-08. Extended evidence narrative for unusual event 151 on ATL-ASSET-08. Extended evidence narrative for unusual event 151 on ATL-ASSET-08. Extended evidence narrative for unusual event 151 on ATL-ASSET-08. Extended evidence narrative for unusual event 151 on ATL-ASSET-08. Extended evidence narrative for unusual event 151 on ATL-ASSET-08. Extended evidence narrative for unusual event 151 on ATL-ASSET-08. Extended evidence narrative for unusual event 151 on ATL-ASSET-08. Extended evidence narrative for unusual event 151 on ATL-ASSET-08. Extended evidence narrative for unusual event 151 on ATL-ASSET-08. Extended evidence narrative for unusual event 151 on ATL-ASSET-08. Extended evidence narrative for unusual event 151 on ATL-ASSET-08. Extended evidence narrative for unusual event 151 on ATL-ASSET-08. Extended evidence narrative for unusual event 151 on ATL-ASSET-08. Extended evidence narrative for unusual event 151 on ATL-ASSET-08. Extended evidence narrative for unusual event 151 on ATL-ASSET-08. Extended evidence narrative for unusual event 151 on ATL-ASSET-08. Extended evidence narrative for unusual event 151 on ATL-ASSET-08. Extended evidence narrative for unusual event 151 on ATL-ASSET-08. Extended evidence narrative for unusual event 151 on ATL-ASSET-08. Extended evidence narrative for unusual event 151 on ATL-ASSET-08. Extended evidence narrative for unusual event 151 on ATL-ASSET-08. Extended evidence narrative for unusual event 151 on ATL-ASSET-08. Extended evidence narrative for unusual event 151 on ATL-ASSET-08. Extended evidence narrative for unusual event 151 on ATL-ASSET-08. Extended evidence narrative for unusual event 151 on ATL-ASSET-08. Extended evidence narrative for unusual event 151 on ATL-ASSET-08. Extended evidence narrative for unusual event 151 on ATL-ASSET-08. Extended evidence narrative for unusual event 151 on ATL-ASSET-08. Extended evidence narrative for unusual event 151 on ATL-ASSET-08. Extended evidence narrative for unusual event 151 on ATL-ASSET-08. Extended evidence narrative for unusual event 151 on ATL-ASSET-08. Extended evidence narrative for unusual event 151 on ATL-ASSET-08.,Documented investigation supports closure; follow-up recorded.,false,false,SYN-CHANGE-9-152,true,false,false
ATL-09-CASE-0153,2026-09-18T09:17:00+00:00,closed,2026-09-18T10:11:00+00:00,ATL-ASSET-09,medium,"Reviewed process tree for event 153; correlated endpoint and authentication records on ATL-ASSET-09. Verified source ownership, recorded timeline and checked related connections.",Documented investigation supports closure; follow-up recorded.,false,false,SYN-CHANGE-9-153,true,false,false
ATL-09-CASE-0154,2026-09-19T10:18:00+00:00,closed,2026-09-19T11:13:00+00:00,ATL-ASSET-10,high,"Reviewed process tree for event 154; correlated endpoint and authentication records on ATL-ASSET-10. Verified source ownership, recorded timeline and checked related connections.",Documented investigation supports closure; follow-up recorded.,false,false,SYN-CHANGE-9-154,true,false,false
ATL-09-CASE-0155,2026-09-20T11:19:00+00:00,closed,2026-09-20T12:04:00+00:00,ATL-ASSET-11,medium,"Reviewed process tree for event 155; correlated endpoint and authentication records on ATL-ASSET-11. Verified source ownership, recorded timeline and checked related connections.",Documented investigation supports closure; follow-up recorded.,false,false,SYN-CHANGE-9-155,true,false,false
ATL-09-CASE-0156,2026-09-21T12:20:00+00:00,closed,2026-09-21T12:20:15+00:00,ATL-ASSET-12,critical,,Approved duplicate suppression playbook,true,false,SYN-CHANGE-9-156,true,true,false
ATL-09-CASE-0157,2026-09-22T13:21:00+00:00,closed,2026-09-22T14:08:00+00:00,ATL-ASSET-01,high,"Reviewed process tree for event 157; correlated endpoint and authentication records on ATL-ASSET-01. Verified source ownership, recorded timeline and checked related connections.",Documented investigation supports closure; follow-up recorded.,false,false,SYN-CHANGE-9-157,true,false,false
ATL-09-CASE-0158,2026-09-23T14:22:00+00:00,closed,2026-09-23T15:10:00+00:00,ATL-ASSET-02,medium,"Reviewed process tree for event 158; correlated endpoint and authentication records on ATL-ASSET-02. Verified source ownership, recorded timeline and checked related connections.",Documented investigation supports closure; follow-up recorded.,false,false,SYN-CHANGE-9-158,true,false,false
ATL-09-CASE-0159,2026-09-24T15:23:00+00:00,closed,2026-09-24T16:12:00+00:00,ATL-ASSET-03,medium,"Reviewed process tree for event 159; correlated endpoint and authentication records on ATL-ASSET-03. Verified source ownership, recorded timeline and checked related connections.",Documented investigation supports closure; follow-up recorded.,false,false,SYN-CHANGE-9-159,true,false,false
ATL-09-CASE-0160,2026-09-25T16:24:00+00:00,closed,2026-09-25T17:14:00+00:00,ATL-ASSET-04,high,"Reviewed process tree for event 160; correlated endpoint and authentication records on ATL-ASSET-04. Verified source ownership, recorded timeline and checked related connections.",Documented investigation supports closure; follow-up recorded.,false,false,SYN-CHANGE-9-160,true,false,false
