asset_id,monitoring_source,coverage_status,last_seen_at
ATL-ASSET-01,endpoint-export,active,2026-09-30T21:00:00+00:00
ATL-ASSET-02,endpoint-export,active,2026-09-30T21:00:00+00:00
ATL-ASSET-03,endpoint-export,active,2026-09-30T21:00:00+00:00
ATL-ASSET-04,endpoint-export,active,2026-09-30T21:00:00+00:00
ATL-ASSET-05,endpoint-export,active,2026-09-30T21:00:00+00:00
ATL-ASSET-06,endpoint-export,active,2026-09-30T21:00:00+00:00
ATL-ASSET-07,endpoint-export,active,2026-09-30T21:00:00+00:00
ATL-ASSET-08,endpoint-export,active,2026-09-30T21:00:00+00:00
ATL-ASSET-09,endpoint-export,active,2026-09-30T21:00:00+00:00
ATL-ASSET-10,endpoint-export,active,2026-09-30T21:00:00+00:00
ATL-ASSET-11,endpoint-export,active,2026-09-30T21:00:00+00:00
ATL-ASSET-12,endpoint-export,active,2026-09-30T21:00:00+00:00
