escalation_id,case_id,escalated_at,destination_role
ATL-9-ESC-75,ATL-09-CASE-0076,2026-09-22T12:35:00+00:00,Duty lead
ATL-9-ESC-80,ATL-09-CASE-0081,2026-09-27T07:40:00+00:00,Duty lead
ATL-9-ESC-85,ATL-09-CASE-0086,2026-09-05T12:45:00+00:00,Duty lead
ATL-9-ESC-90,ATL-09-CASE-0091,2026-09-10T07:05:00+00:00,Duty lead
ATL-9-ESC-95,ATL-09-CASE-0096,2026-09-15T12:10:00+00:00,Duty lead
ATL-9-ESC-100,ATL-09-CASE-0101,2026-09-20T07:15:00+00:00,Duty lead
ATL-9-ESC-105,ATL-09-CASE-0106,2026-09-25T12:20:00+00:00,Duty lead
ATL-9-ESC-110,ATL-09-CASE-0111,2026-09-03T07:25:00+00:00,Duty lead
ATL-9-ESC-115,ATL-09-CASE-0116,2026-09-08T12:30:00+00:00,Duty lead
ATL-9-ESC-120,ATL-09-CASE-0121,2026-09-13T07:35:00+00:00,Duty lead
ATL-9-ESC-125,ATL-09-CASE-0126,2026-09-18T12:40:00+00:00,Duty lead
ATL-9-ESC-130,ATL-09-CASE-0131,2026-09-23T07:45:00+00:00,Duty lead
ATL-9-ESC-135,ATL-09-CASE-0136,2026-09-01T12:05:00+00:00,Duty lead
ATL-9-ESC-140,ATL-09-CASE-0141,2026-09-06T07:10:00+00:00,Duty lead
ATL-9-ESC-145,ATL-09-CASE-0146,2026-09-11T12:15:00+00:00,Duty lead
ATL-9-ESC-150,ATL-09-CASE-0151,2026-09-16T07:20:00+00:00,Duty lead
