event_id,case_id,event_type,performed_at,actor_role,evidence_reference,result
ATL-09-CASE-0002-investigation,ATL-09-CASE-0002,investigation,2026-09-02T08:10:12+00:00,Analyst,SYN-EVIDENCE-1-investigation,success
ATL-09-CASE-0002-response,ATL-09-CASE-0002,response,2026-09-02T08:19:24+00:00,Analyst,SYN-EVIDENCE-1-response,success
ATL-09-CASE-0003-investigation,ATL-09-CASE-0003,investigation,2026-09-03T09:11:24+00:00,Analyst,SYN-EVIDENCE-2-investigation,success
ATL-09-CASE-0003-response,ATL-09-CASE-0003,response,2026-09-03T09:20:48+00:00,Analyst,SYN-EVIDENCE-2-response,success
ATL-09-CASE-0004-investigation,ATL-09-CASE-0004,investigation,2026-09-04T10:12:36+00:00,Analyst,SYN-EVIDENCE-3-investigation,success
ATL-09-CASE-0004-response,ATL-09-CASE-0004,response,2026-09-04T10:22:12+00:00,Analyst,SYN-EVIDENCE-3-response,success
ATL-09-CASE-0005-investigation,ATL-09-CASE-0005,investigation,2026-09-05T11:13:48+00:00,Analyst,SYN-EVIDENCE-4-investigation,success
ATL-09-CASE-0005-response,ATL-09-CASE-0005,response,2026-09-05T11:23:36+00:00,Analyst,SYN-EVIDENCE-4-response,success
ATL-09-CASE-0006-response,ATL-09-CASE-0006,response,2026-09-06T12:05:14+00:00,Analyst,SYN-EVIDENCE-5-response,success
ATL-09-CASE-0006-oversight,ATL-09-CASE-0006,oversight,2026-09-06T12:05:21+00:00,Duty lead,SYN-EVIDENCE-5-oversight,success
ATL-09-CASE-0007-investigation,ATL-09-CASE-0007,investigation,2026-09-07T13:16:12+00:00,Analyst,SYN-EVIDENCE-6-investigation,success
ATL-09-CASE-0007-response,ATL-09-CASE-0007,response,2026-09-07T13:26:24+00:00,Analyst,SYN-EVIDENCE-6-response,success
ATL-09-CASE-0008-investigation,ATL-09-CASE-0008,investigation,2026-09-08T14:17:24+00:00,Analyst,SYN-EVIDENCE-7-investigation,success
ATL-09-CASE-0008-response,ATL-09-CASE-0008,response,2026-09-08T14:27:48+00:00,Analyst,SYN-EVIDENCE-7-response,success
ATL-09-CASE-0009-investigation,ATL-09-CASE-0009,investigation,2026-09-09T15:18:36+00:00,Analyst,SYN-EVIDENCE-8-investigation,success
ATL-09-CASE-0009-response,ATL-09-CASE-0009,response,2026-09-09T15:29:12+00:00,Analyst,SYN-EVIDENCE-8-response,success
ATL-09-CASE-0010-investigation,ATL-09-CASE-0010,investigation,2026-09-10T16:19:48+00:00,Analyst,SYN-EVIDENCE-9-investigation,success
ATL-09-CASE-0010-response,ATL-09-CASE-0010,response,2026-09-10T16:30:36+00:00,Analyst,SYN-EVIDENCE-9-response,success
ATL-09-CASE-0011-response,ATL-09-CASE-0011,response,2026-09-11T07:10:14+00:00,Analyst,SYN-EVIDENCE-10-response,success
ATL-09-CASE-0011-oversight,ATL-09-CASE-0011,oversight,2026-09-11T07:10:21+00:00,Duty lead,SYN-EVIDENCE-10-oversight,success
ATL-09-CASE-0011-recovery,ATL-09-CASE-0011,recovery,2026-09-11T07:10:28+00:00,Analyst,SYN-EVIDENCE-10-recovery,success
ATL-09-CASE-0012-investigation,ATL-09-CASE-0012,investigation,2026-09-12T08:20:00+00:00,Analyst,SYN-EVIDENCE-11-investigation,success
ATL-09-CASE-0012-response,ATL-09-CASE-0012,response,2026-09-12T08:29:00+00:00,Analyst,SYN-EVIDENCE-11-response,success
ATL-09-CASE-0013-investigation,ATL-09-CASE-0013,investigation,2026-09-13T09:21:12+00:00,Analyst,SYN-EVIDENCE-12-investigation,success
ATL-09-CASE-0013-response,ATL-09-CASE-0013,response,2026-09-13T09:30:24+00:00,Analyst,SYN-EVIDENCE-12-response,success
ATL-09-CASE-0014-investigation,ATL-09-CASE-0014,investigation,2026-09-14T10:22:24+00:00,Analyst,SYN-EVIDENCE-13-investigation,success
ATL-09-CASE-0014-response,ATL-09-CASE-0014,response,2026-09-14T10:31:48+00:00,Analyst,SYN-EVIDENCE-13-response,success
ATL-09-CASE-0015-investigation,ATL-09-CASE-0015,investigation,2026-09-15T11:23:36+00:00,Analyst,SYN-EVIDENCE-14-investigation,success
ATL-09-CASE-0015-response,ATL-09-CASE-0015,response,2026-09-15T11:33:12+00:00,Analyst,SYN-EVIDENCE-14-response,success
ATL-09-CASE-0016-response,ATL-09-CASE-0016,response,2026-09-16T12:15:14+00:00,Analyst,SYN-EVIDENCE-15-response,success
ATL-09-CASE-0016-oversight,ATL-09-CASE-0016,oversight,2026-09-16T12:15:21+00:00,Duty lead,SYN-EVIDENCE-15-oversight,success
ATL-09-CASE-0017-investigation,ATL-09-CASE-0017,investigation,2026-09-17T13:26:00+00:00,Analyst,SYN-EVIDENCE-16-investigation,success
ATL-09-CASE-0017-response,ATL-09-CASE-0017,response,2026-09-17T13:36:00+00:00,Analyst,SYN-EVIDENCE-16-response,success
ATL-09-CASE-0018-investigation,ATL-09-CASE-0018,investigation,2026-09-18T14:27:12+00:00,Analyst,SYN-EVIDENCE-17-investigation,success
ATL-09-CASE-0018-response,ATL-09-CASE-0018,response,2026-09-18T14:37:24+00:00,Analyst,SYN-EVIDENCE-17-response,success
ATL-09-CASE-0019-investigation,ATL-09-CASE-0019,investigation,2026-09-19T15:28:24+00:00,Analyst,SYN-EVIDENCE-18-investigation,success
ATL-09-CASE-0019-response,ATL-09-CASE-0019,response,2026-09-19T15:38:48+00:00,Analyst,SYN-EVIDENCE-18-response,success
ATL-09-CASE-0020-investigation,ATL-09-CASE-0020,investigation,2026-09-20T16:29:36+00:00,Analyst,SYN-EVIDENCE-19-investigation,success
ATL-09-CASE-0020-response,ATL-09-CASE-0020,response,2026-09-20T16:40:12+00:00,Analyst,SYN-EVIDENCE-19-response,success
ATL-09-CASE-0021-investigation,ATL-09-CASE-0021,investigation,2026-09-21T07:20:07+00:00,Analyst,SYN-EVIDENCE-20-investigation,success
ATL-09-CASE-0021-response,ATL-09-CASE-0021,response,2026-09-21T07:20:14+00:00,Analyst,SYN-EVIDENCE-20-response,success
ATL-09-CASE-0021-recovery,ATL-09-CASE-0021,recovery,2026-09-21T07:20:28+00:00,Analyst,SYN-EVIDENCE-20-recovery,success
ATL-09-CASE-0022-investigation,ATL-09-CASE-0022,investigation,2026-09-22T08:32:00+00:00,Analyst,SYN-EVIDENCE-21-investigation,success
ATL-09-CASE-0022-response,ATL-09-CASE-0022,response,2026-09-22T08:43:00+00:00,Analyst,SYN-EVIDENCE-21-response,success
ATL-09-CASE-0023-investigation,ATL-09-CASE-0023,investigation,2026-09-23T09:31:00+00:00,Analyst,SYN-EVIDENCE-22-investigation,success
ATL-09-CASE-0023-response,ATL-09-CASE-0023,response,2026-09-23T09:40:00+00:00,Analyst,SYN-EVIDENCE-22-response,success
ATL-09-CASE-0024-investigation,ATL-09-CASE-0024,investigation,2026-09-24T10:32:12+00:00,Analyst,SYN-EVIDENCE-23-investigation,success
ATL-09-CASE-0024-response,ATL-09-CASE-0024,response,2026-09-24T10:41:24+00:00,Analyst,SYN-EVIDENCE-23-response,success
ATL-09-CASE-0025-investigation,ATL-09-CASE-0025,investigation,2026-09-25T11:33:24+00:00,Analyst,SYN-EVIDENCE-24-investigation,success
ATL-09-CASE-0025-response,ATL-09-CASE-0025,response,2026-09-25T11:42:48+00:00,Analyst,SYN-EVIDENCE-24-response,success
ATL-09-CASE-0026-investigation,ATL-09-CASE-0026,investigation,2026-09-26T12:25:07+00:00,Analyst,SYN-EVIDENCE-25-investigation,success
ATL-09-CASE-0026-response,ATL-09-CASE-0026,response,2026-09-26T12:25:14+00:00,Analyst,SYN-EVIDENCE-25-response,success
ATL-09-CASE-0027-investigation,ATL-09-CASE-0027,investigation,2026-09-27T13:35:48+00:00,Analyst,SYN-EVIDENCE-26-investigation,success
ATL-09-CASE-0027-response,ATL-09-CASE-0027,response,2026-09-27T13:45:36+00:00,Analyst,SYN-EVIDENCE-26-response,success
ATL-09-CASE-0028-investigation,ATL-09-CASE-0028,investigation,2026-09-01T14:37:00+00:00,Analyst,SYN-EVIDENCE-27-investigation,success
ATL-09-CASE-0028-response,ATL-09-CASE-0028,response,2026-09-01T14:47:00+00:00,Analyst,SYN-EVIDENCE-27-response,success
ATL-09-CASE-0029-investigation,ATL-09-CASE-0029,investigation,2026-09-02T15:38:12+00:00,Analyst,SYN-EVIDENCE-28-investigation,success
ATL-09-CASE-0029-response,ATL-09-CASE-0029,response,2026-09-02T15:48:24+00:00,Analyst,SYN-EVIDENCE-28-response,success
ATL-09-CASE-0030-investigation,ATL-09-CASE-0030,investigation,2026-09-03T16:39:24+00:00,Analyst,SYN-EVIDENCE-29-investigation,success
ATL-09-CASE-0030-response,ATL-09-CASE-0030,response,2026-09-03T16:49:48+00:00,Analyst,SYN-EVIDENCE-29-response,success
ATL-09-CASE-0031-investigation,ATL-09-CASE-0031,investigation,2026-09-04T07:30:07+00:00,Analyst,SYN-EVIDENCE-30-investigation,success
ATL-09-CASE-0031-response,ATL-09-CASE-0031,response,2026-09-04T07:30:14+00:00,Analyst,SYN-EVIDENCE-30-response,success
ATL-09-CASE-0031-oversight,ATL-09-CASE-0031,oversight,2026-09-04T07:30:21+00:00,Duty lead,SYN-EVIDENCE-30-oversight,success
ATL-09-CASE-0031-recovery,ATL-09-CASE-0031,recovery,2026-09-04T07:30:28+00:00,Analyst,SYN-EVIDENCE-30-recovery,success
ATL-09-CASE-0033-investigation,ATL-09-CASE-0033,investigation,2026-09-06T09:43:00+00:00,Analyst,SYN-EVIDENCE-32-investigation,success
ATL-09-CASE-0033-response,ATL-09-CASE-0033,response,2026-09-06T09:54:00+00:00,Analyst,SYN-EVIDENCE-32-response,success
ATL-09-CASE-0034-investigation,ATL-09-CASE-0034,investigation,2026-09-07T10:42:00+00:00,Analyst,SYN-EVIDENCE-33-investigation,success
ATL-09-CASE-0034-response,ATL-09-CASE-0034,response,2026-09-07T10:51:00+00:00,Analyst,SYN-EVIDENCE-33-response,success
ATL-09-CASE-0035-investigation,ATL-09-CASE-0035,investigation,2026-09-08T11:43:12+00:00,Analyst,SYN-EVIDENCE-34-investigation,success
ATL-09-CASE-0035-response,ATL-09-CASE-0035,response,2026-09-08T11:52:24+00:00,Analyst,SYN-EVIDENCE-34-response,success
ATL-09-CASE-0036-investigation,ATL-09-CASE-0036,investigation,2026-09-09T12:35:07+00:00,Analyst,SYN-EVIDENCE-35-investigation,success
ATL-09-CASE-0036-response,ATL-09-CASE-0036,response,2026-09-09T12:35:14+00:00,Analyst,SYN-EVIDENCE-35-response,success
ATL-09-CASE-0036-oversight,ATL-09-CASE-0036,oversight,2026-09-09T12:35:21+00:00,Duty lead,SYN-EVIDENCE-35-oversight,success
ATL-09-CASE-0037-investigation,ATL-09-CASE-0037,investigation,2026-09-10T13:45:36+00:00,Analyst,SYN-EVIDENCE-36-investigation,success
ATL-09-CASE-0037-response,ATL-09-CASE-0037,response,2026-09-10T13:55:12+00:00,Analyst,SYN-EVIDENCE-36-response,success
ATL-09-CASE-0038-investigation,ATL-09-CASE-0038,investigation,2026-09-11T14:46:48+00:00,Analyst,SYN-EVIDENCE-37-investigation,success
ATL-09-CASE-0038-response,ATL-09-CASE-0038,response,2026-09-11T14:56:36+00:00,Analyst,SYN-EVIDENCE-37-response,success
ATL-09-CASE-0039-investigation,ATL-09-CASE-0039,investigation,2026-09-12T15:48:00+00:00,Analyst,SYN-EVIDENCE-38-investigation,success
ATL-09-CASE-0039-response,ATL-09-CASE-0039,response,2026-09-12T15:58:00+00:00,Analyst,SYN-EVIDENCE-38-response,success
ATL-09-CASE-0040-investigation,ATL-09-CASE-0040,investigation,2026-09-13T16:49:12+00:00,Analyst,SYN-EVIDENCE-39-investigation,success
ATL-09-CASE-0040-response,ATL-09-CASE-0040,response,2026-09-13T16:59:24+00:00,Analyst,SYN-EVIDENCE-39-response,success
ATL-09-CASE-0041-investigation,ATL-09-CASE-0041,investigation,2026-09-14T07:40:07+00:00,Analyst,SYN-EVIDENCE-40-investigation,success
ATL-09-CASE-0041-response,ATL-09-CASE-0041,response,2026-09-14T07:40:14+00:00,Analyst,SYN-EVIDENCE-40-response,success
ATL-09-CASE-0041-oversight,ATL-09-CASE-0041,oversight,2026-09-14T07:40:21+00:00,Duty lead,SYN-EVIDENCE-40-oversight,success
ATL-09-CASE-0041-recovery,ATL-09-CASE-0041,recovery,2026-09-14T07:40:28+00:00,Analyst,SYN-EVIDENCE-40-recovery,success
ATL-09-CASE-0042-investigation,ATL-09-CASE-0042,investigation,2026-09-15T08:51:36+00:00,Analyst,SYN-EVIDENCE-41-investigation,success
ATL-09-CASE-0042-response,ATL-09-CASE-0042,response,2026-09-15T09:02:12+00:00,Analyst,SYN-EVIDENCE-41-response,success
ATL-09-CASE-0043-investigation,ATL-09-CASE-0043,investigation,2026-09-16T09:52:48+00:00,Analyst,SYN-EVIDENCE-42-investigation,success
ATL-09-CASE-0043-response,ATL-09-CASE-0043,response,2026-09-16T10:03:36+00:00,Analyst,SYN-EVIDENCE-42-response,success
ATL-09-CASE-0044-investigation,ATL-09-CASE-0044,investigation,2026-09-17T10:54:00+00:00,Analyst,SYN-EVIDENCE-43-investigation,success
ATL-09-CASE-0044-response,ATL-09-CASE-0044,response,2026-09-17T11:05:00+00:00,Analyst,SYN-EVIDENCE-43-response,success
ATL-09-CASE-0045-investigation,ATL-09-CASE-0045,investigation,2026-09-18T11:53:00+00:00,Analyst,SYN-EVIDENCE-44-investigation,success
ATL-09-CASE-0045-response,ATL-09-CASE-0045,response,2026-09-18T12:02:00+00:00,Analyst,SYN-EVIDENCE-44-response,success
ATL-09-CASE-0046-investigation,ATL-09-CASE-0046,investigation,2026-09-19T12:00:07+00:00,Analyst,SYN-EVIDENCE-45-investigation,success
ATL-09-CASE-0046-response,ATL-09-CASE-0046,response,2026-09-19T12:00:14+00:00,Analyst,SYN-EVIDENCE-45-response,success
ATL-09-CASE-0046-oversight,ATL-09-CASE-0046,oversight,2026-09-19T12:00:21+00:00,Duty lead,SYN-EVIDENCE-45-oversight,success
ATL-09-CASE-0047-investigation,ATL-09-CASE-0047,investigation,2026-09-20T13:10:24+00:00,Analyst,SYN-EVIDENCE-46-investigation,success
ATL-09-CASE-0047-response,ATL-09-CASE-0047,response,2026-09-20T13:19:48+00:00,Analyst,SYN-EVIDENCE-46-response,success
ATL-09-CASE-0048-investigation,ATL-09-CASE-0048,investigation,2026-09-21T14:11:36+00:00,Analyst,SYN-EVIDENCE-47-investigation,success
ATL-09-CASE-0048-response,ATL-09-CASE-0048,response,2026-09-21T14:21:12+00:00,Analyst,SYN-EVIDENCE-47-response,success
ATL-09-CASE-0049-investigation,ATL-09-CASE-0049,investigation,2026-09-22T15:12:48+00:00,Analyst,SYN-EVIDENCE-48-investigation,success
ATL-09-CASE-0049-response,ATL-09-CASE-0049,response,2026-09-22T15:22:36+00:00,Analyst,SYN-EVIDENCE-48-response,success
ATL-09-CASE-0050-investigation,ATL-09-CASE-0050,investigation,2026-09-23T16:14:00+00:00,Analyst,SYN-EVIDENCE-49-investigation,success
ATL-09-CASE-0050-response,ATL-09-CASE-0050,response,2026-09-23T16:24:00+00:00,Analyst,SYN-EVIDENCE-49-response,success
ATL-09-CASE-0051-investigation,ATL-09-CASE-0051,investigation,2026-09-24T07:05:07+00:00,Analyst,SYN-EVIDENCE-50-investigation,success
ATL-09-CASE-0051-response,ATL-09-CASE-0051,response,2026-09-24T07:05:14+00:00,Analyst,SYN-EVIDENCE-50-response,success
ATL-09-CASE-0051-oversight,ATL-09-CASE-0051,oversight,2026-09-24T07:05:21+00:00,Duty lead,SYN-EVIDENCE-50-oversight,success
ATL-09-CASE-0051-recovery,ATL-09-CASE-0051,recovery,2026-09-24T07:05:28+00:00,Analyst,SYN-EVIDENCE-50-recovery,success
ATL-09-CASE-0052-investigation,ATL-09-CASE-0052,investigation,2026-09-25T08:16:24+00:00,Analyst,SYN-EVIDENCE-51-investigation,success
ATL-09-CASE-0052-response,ATL-09-CASE-0052,response,2026-09-25T08:26:48+00:00,Analyst,SYN-EVIDENCE-51-response,success
ATL-09-CASE-0053-investigation,ATL-09-CASE-0053,investigation,2026-09-26T09:17:36+00:00,Analyst,SYN-EVIDENCE-52-investigation,success
ATL-09-CASE-0053-response,ATL-09-CASE-0053,response,2026-09-26T09:28:12+00:00,Analyst,SYN-EVIDENCE-52-response,success
ATL-09-CASE-0054-investigation,ATL-09-CASE-0054,investigation,2026-09-27T10:18:48+00:00,Analyst,SYN-EVIDENCE-53-investigation,success
ATL-09-CASE-0054-response,ATL-09-CASE-0054,response,2026-09-27T10:29:36+00:00,Analyst,SYN-EVIDENCE-53-response,success
ATL-09-CASE-0055-investigation,ATL-09-CASE-0055,investigation,2026-09-01T11:20:00+00:00,Analyst,SYN-EVIDENCE-54-investigation,success
ATL-09-CASE-0055-response,ATL-09-CASE-0055,response,2026-09-01T11:31:00+00:00,Analyst,SYN-EVIDENCE-54-response,success
ATL-09-CASE-0056-investigation,ATL-09-CASE-0056,investigation,2026-09-02T12:19:00+00:00,Analyst,SYN-EVIDENCE-55-investigation,success
ATL-09-CASE-0056-response,ATL-09-CASE-0056,response,2026-09-02T12:28:00+00:00,Analyst,SYN-EVIDENCE-55-response,success
ATL-09-CASE-0056-oversight,ATL-09-CASE-0056,oversight,2026-09-02T12:37:00+00:00,Duty lead,SYN-EVIDENCE-55-oversight,success
ATL-09-CASE-0057-investigation,ATL-09-CASE-0057,investigation,2026-09-03T13:20:12+00:00,Analyst,SYN-EVIDENCE-56-investigation,success
ATL-09-CASE-0057-response,ATL-09-CASE-0057,response,2026-09-03T13:29:24+00:00,Analyst,SYN-EVIDENCE-56-response,success
ATL-09-CASE-0058-investigation,ATL-09-CASE-0058,investigation,2026-09-04T14:21:24+00:00,Analyst,SYN-EVIDENCE-57-investigation,success
ATL-09-CASE-0058-response,ATL-09-CASE-0058,response,2026-09-04T14:30:48+00:00,Analyst,SYN-EVIDENCE-57-response,success
ATL-09-CASE-0059-investigation,ATL-09-CASE-0059,investigation,2026-09-05T15:22:36+00:00,Analyst,SYN-EVIDENCE-58-investigation,success
ATL-09-CASE-0059-response,ATL-09-CASE-0059,response,2026-09-05T15:32:12+00:00,Analyst,SYN-EVIDENCE-58-response,success
ATL-09-CASE-0060-investigation,ATL-09-CASE-0060,investigation,2026-09-06T16:23:48+00:00,Analyst,SYN-EVIDENCE-59-investigation,success
ATL-09-CASE-0060-response,ATL-09-CASE-0060,response,2026-09-06T16:33:36+00:00,Analyst,SYN-EVIDENCE-59-response,success
ATL-09-CASE-0061-investigation,ATL-09-CASE-0061,investigation,2026-09-07T07:25:00+00:00,Analyst,SYN-EVIDENCE-60-investigation,success
ATL-09-CASE-0061-response,ATL-09-CASE-0061,response,2026-09-07T07:35:00+00:00,Analyst,SYN-EVIDENCE-60-response,success
ATL-09-CASE-0061-oversight,ATL-09-CASE-0061,oversight,2026-09-07T07:45:00+00:00,Duty lead,SYN-EVIDENCE-60-oversight,success
ATL-09-CASE-0061-recovery,ATL-09-CASE-0061,recovery,2026-09-07T07:55:00+00:00,Analyst,SYN-EVIDENCE-60-recovery,success
ATL-09-CASE-0062-investigation,ATL-09-CASE-0062,investigation,2026-09-08T08:26:12+00:00,Analyst,SYN-EVIDENCE-61-investigation,success
ATL-09-CASE-0062-response,ATL-09-CASE-0062,response,2026-09-08T08:36:24+00:00,Analyst,SYN-EVIDENCE-61-response,success
ATL-09-CASE-0064-investigation,ATL-09-CASE-0064,investigation,2026-09-10T10:28:36+00:00,Analyst,SYN-EVIDENCE-63-investigation,success
ATL-09-CASE-0064-response,ATL-09-CASE-0064,response,2026-09-10T10:39:12+00:00,Analyst,SYN-EVIDENCE-63-response,success
ATL-09-CASE-0065-investigation,ATL-09-CASE-0065,investigation,2026-09-11T11:29:48+00:00,Analyst,SYN-EVIDENCE-64-investigation,success
ATL-09-CASE-0065-response,ATL-09-CASE-0065,response,2026-09-11T11:40:36+00:00,Analyst,SYN-EVIDENCE-64-response,success
ATL-09-CASE-0066-investigation,ATL-09-CASE-0066,investigation,2026-09-12T12:31:00+00:00,Analyst,SYN-EVIDENCE-65-investigation,success
ATL-09-CASE-0066-response,ATL-09-CASE-0066,response,2026-09-12T12:42:00+00:00,Analyst,SYN-EVIDENCE-65-response,success
ATL-09-CASE-0066-oversight,ATL-09-CASE-0066,oversight,2026-09-12T12:53:00+00:00,Duty lead,SYN-EVIDENCE-65-oversight,success
ATL-09-CASE-0067-investigation,ATL-09-CASE-0067,investigation,2026-09-13T13:30:00+00:00,Analyst,SYN-EVIDENCE-66-investigation,success
ATL-09-CASE-0067-response,ATL-09-CASE-0067,response,2026-09-13T13:39:00+00:00,Analyst,SYN-EVIDENCE-66-response,success
ATL-09-CASE-0068-investigation,ATL-09-CASE-0068,investigation,2026-09-14T14:31:12+00:00,Analyst,SYN-EVIDENCE-67-investigation,success
ATL-09-CASE-0068-response,ATL-09-CASE-0068,response,2026-09-14T14:40:24+00:00,Analyst,SYN-EVIDENCE-67-response,success
ATL-09-CASE-0069-investigation,ATL-09-CASE-0069,investigation,2026-09-15T15:32:24+00:00,Analyst,SYN-EVIDENCE-68-investigation,success
ATL-09-CASE-0069-response,ATL-09-CASE-0069,response,2026-09-15T15:41:48+00:00,Analyst,SYN-EVIDENCE-68-response,success
ATL-09-CASE-0070-investigation,ATL-09-CASE-0070,investigation,2026-09-16T16:33:36+00:00,Analyst,SYN-EVIDENCE-69-investigation,success
ATL-09-CASE-0070-response,ATL-09-CASE-0070,response,2026-09-16T16:43:12+00:00,Analyst,SYN-EVIDENCE-69-response,success
ATL-09-CASE-0071-investigation,ATL-09-CASE-0071,investigation,2026-09-17T07:34:48+00:00,Analyst,SYN-EVIDENCE-70-investigation,success
ATL-09-CASE-0071-response,ATL-09-CASE-0071,response,2026-09-17T07:44:36+00:00,Analyst,SYN-EVIDENCE-70-response,success
ATL-09-CASE-0071-oversight,ATL-09-CASE-0071,oversight,2026-09-17T07:54:24+00:00,Duty lead,SYN-EVIDENCE-70-oversight,success
ATL-09-CASE-0071-recovery,ATL-09-CASE-0071,recovery,2026-09-17T08:04:12+00:00,Analyst,SYN-EVIDENCE-70-recovery,success
ATL-09-CASE-0072-investigation,ATL-09-CASE-0072,investigation,2026-09-18T08:36:00+00:00,Analyst,SYN-EVIDENCE-71-investigation,success
ATL-09-CASE-0072-response,ATL-09-CASE-0072,response,2026-09-18T08:46:00+00:00,Analyst,SYN-EVIDENCE-71-response,success
ATL-09-CASE-0073-investigation,ATL-09-CASE-0073,investigation,2026-09-19T09:37:12+00:00,Analyst,SYN-EVIDENCE-72-investigation,success
ATL-09-CASE-0073-response,ATL-09-CASE-0073,response,2026-09-19T09:47:24+00:00,Analyst,SYN-EVIDENCE-72-response,success
ATL-09-CASE-0074-investigation,ATL-09-CASE-0074,investigation,2026-09-20T10:38:24+00:00,Analyst,SYN-EVIDENCE-73-investigation,success
ATL-09-CASE-0074-response,ATL-09-CASE-0074,response,2026-09-20T10:48:48+00:00,Analyst,SYN-EVIDENCE-73-response,success
ATL-09-CASE-0075-investigation,ATL-09-CASE-0075,investigation,2026-09-21T11:39:36+00:00,Analyst,SYN-EVIDENCE-74-investigation,success
ATL-09-CASE-0075-response,ATL-09-CASE-0075,response,2026-09-21T11:50:12+00:00,Analyst,SYN-EVIDENCE-74-response,success
ATL-09-CASE-0076-investigation,ATL-09-CASE-0076,investigation,2026-09-22T12:40:48+00:00,Analyst,SYN-EVIDENCE-75-investigation,success
ATL-09-CASE-0076-response,ATL-09-CASE-0076,response,2026-09-22T12:51:36+00:00,Analyst,SYN-EVIDENCE-75-response,success
ATL-09-CASE-0076-oversight,ATL-09-CASE-0076,oversight,2026-09-22T13:02:24+00:00,Duty lead,SYN-EVIDENCE-75-oversight,success
ATL-09-CASE-0077-investigation,ATL-09-CASE-0077,investigation,2026-09-23T13:42:00+00:00,Analyst,SYN-EVIDENCE-76-investigation,success
ATL-09-CASE-0077-response,ATL-09-CASE-0077,response,2026-09-23T13:53:00+00:00,Analyst,SYN-EVIDENCE-76-response,success
ATL-09-CASE-0078-investigation,ATL-09-CASE-0078,investigation,2026-09-24T14:41:00+00:00,Analyst,SYN-EVIDENCE-77-investigation,success
ATL-09-CASE-0078-response,ATL-09-CASE-0078,response,2026-09-24T14:50:00+00:00,Analyst,SYN-EVIDENCE-77-response,success
ATL-09-CASE-0079-investigation,ATL-09-CASE-0079,investigation,2026-09-25T15:42:12+00:00,Analyst,SYN-EVIDENCE-78-investigation,success
ATL-09-CASE-0079-response,ATL-09-CASE-0079,response,2026-09-25T15:51:24+00:00,Analyst,SYN-EVIDENCE-78-response,success
ATL-09-CASE-0080-investigation,ATL-09-CASE-0080,investigation,2026-09-26T16:43:24+00:00,Analyst,SYN-EVIDENCE-79-investigation,success
ATL-09-CASE-0080-response,ATL-09-CASE-0080,response,2026-09-26T16:52:48+00:00,Analyst,SYN-EVIDENCE-79-response,success
ATL-09-CASE-0081-investigation,ATL-09-CASE-0081,investigation,2026-09-27T07:44:36+00:00,Analyst,SYN-EVIDENCE-80-investigation,success
ATL-09-CASE-0081-response,ATL-09-CASE-0081,response,2026-09-27T07:54:12+00:00,Analyst,SYN-EVIDENCE-80-response,success
ATL-09-CASE-0081-oversight,ATL-09-CASE-0081,oversight,2026-09-27T08:03:48+00:00,Duty lead,SYN-EVIDENCE-80-oversight,success
ATL-09-CASE-0081-recovery,ATL-09-CASE-0081,recovery,2026-09-27T08:13:24+00:00,Analyst,SYN-EVIDENCE-80-recovery,success
ATL-09-CASE-0082-investigation,ATL-09-CASE-0082,investigation,2026-09-01T08:45:48+00:00,Analyst,SYN-EVIDENCE-81-investigation,success
ATL-09-CASE-0082-response,ATL-09-CASE-0082,response,2026-09-01T08:55:36+00:00,Analyst,SYN-EVIDENCE-81-response,success
ATL-09-CASE-0083-investigation,ATL-09-CASE-0083,investigation,2026-09-02T09:47:00+00:00,Analyst,SYN-EVIDENCE-82-investigation,success
ATL-09-CASE-0083-response,ATL-09-CASE-0083,response,2026-09-02T09:57:00+00:00,Analyst,SYN-EVIDENCE-82-response,success
ATL-09-CASE-0084-investigation,ATL-09-CASE-0084,investigation,2026-09-03T10:48:12+00:00,Analyst,SYN-EVIDENCE-83-investigation,success
ATL-09-CASE-0084-response,ATL-09-CASE-0084,response,2026-09-03T10:58:24+00:00,Analyst,SYN-EVIDENCE-83-response,success
ATL-09-CASE-0085-investigation,ATL-09-CASE-0085,investigation,2026-09-04T11:49:24+00:00,Analyst,SYN-EVIDENCE-84-investigation,success
ATL-09-CASE-0085-response,ATL-09-CASE-0085,response,2026-09-04T11:59:48+00:00,Analyst,SYN-EVIDENCE-84-response,success
ATL-09-CASE-0086-investigation,ATL-09-CASE-0086,investigation,2026-09-05T12:50:36+00:00,Analyst,SYN-EVIDENCE-85-investigation,success
ATL-09-CASE-0086-response,ATL-09-CASE-0086,response,2026-09-05T13:01:12+00:00,Analyst,SYN-EVIDENCE-85-response,success
ATL-09-CASE-0086-oversight,ATL-09-CASE-0086,oversight,2026-09-05T13:11:48+00:00,Duty lead,SYN-EVIDENCE-85-oversight,success
ATL-09-CASE-0087-investigation,ATL-09-CASE-0087,investigation,2026-09-06T13:51:48+00:00,Analyst,SYN-EVIDENCE-86-investigation,success
ATL-09-CASE-0087-response,ATL-09-CASE-0087,response,2026-09-06T14:02:36+00:00,Analyst,SYN-EVIDENCE-86-response,success
ATL-09-CASE-0088-investigation,ATL-09-CASE-0088,investigation,2026-09-07T14:53:00+00:00,Analyst,SYN-EVIDENCE-87-investigation,success
ATL-09-CASE-0088-response,ATL-09-CASE-0088,response,2026-09-07T15:04:00+00:00,Analyst,SYN-EVIDENCE-87-response,success
ATL-09-CASE-0089-investigation,ATL-09-CASE-0089,investigation,2026-09-08T15:52:00+00:00,Analyst,SYN-EVIDENCE-88-investigation,success
ATL-09-CASE-0089-response,ATL-09-CASE-0089,response,2026-09-08T16:01:00+00:00,Analyst,SYN-EVIDENCE-88-response,success
ATL-09-CASE-0090-investigation,ATL-09-CASE-0090,investigation,2026-09-09T16:53:12+00:00,Analyst,SYN-EVIDENCE-89-investigation,success
ATL-09-CASE-0090-response,ATL-09-CASE-0090,response,2026-09-09T17:02:24+00:00,Analyst,SYN-EVIDENCE-89-response,success
ATL-09-CASE-0091-investigation,ATL-09-CASE-0091,investigation,2026-09-10T07:09:24+00:00,Analyst,SYN-EVIDENCE-90-investigation,success
ATL-09-CASE-0091-response,ATL-09-CASE-0091,response,2026-09-10T07:18:48+00:00,Analyst,SYN-EVIDENCE-90-response,success
ATL-09-CASE-0091-oversight,ATL-09-CASE-0091,oversight,2026-09-10T07:28:12+00:00,Duty lead,SYN-EVIDENCE-90-oversight,success
ATL-09-CASE-0091-recovery,ATL-09-CASE-0091,recovery,2026-09-10T07:37:36+00:00,Analyst,SYN-EVIDENCE-90-recovery,success
ATL-09-CASE-0092-investigation,ATL-09-CASE-0092,investigation,2026-09-11T08:10:36+00:00,Analyst,SYN-EVIDENCE-91-investigation,success
ATL-09-CASE-0092-response,ATL-09-CASE-0092,response,2026-09-11T08:20:12+00:00,Analyst,SYN-EVIDENCE-91-response,success
ATL-09-CASE-0093-investigation,ATL-09-CASE-0093,investigation,2026-09-12T09:11:48+00:00,Analyst,SYN-EVIDENCE-92-investigation,success
ATL-09-CASE-0093-response,ATL-09-CASE-0093,response,2026-09-12T09:21:36+00:00,Analyst,SYN-EVIDENCE-92-response,success
ATL-09-CASE-0095-investigation,ATL-09-CASE-0095,investigation,2026-09-14T11:14:12+00:00,Analyst,SYN-EVIDENCE-94-investigation,success
ATL-09-CASE-0095-response,ATL-09-CASE-0095,response,2026-09-14T11:24:24+00:00,Analyst,SYN-EVIDENCE-94-response,success
ATL-09-CASE-0096-investigation,ATL-09-CASE-0096,investigation,2026-09-15T12:15:24+00:00,Analyst,SYN-EVIDENCE-95-investigation,success
ATL-09-CASE-0096-response,ATL-09-CASE-0096,response,2026-09-15T12:25:48+00:00,Analyst,SYN-EVIDENCE-95-response,success
ATL-09-CASE-0096-oversight,ATL-09-CASE-0096,oversight,2026-09-15T12:36:12+00:00,Duty lead,SYN-EVIDENCE-95-oversight,success
ATL-09-CASE-0097-investigation,ATL-09-CASE-0097,investigation,2026-09-16T13:16:36+00:00,Analyst,SYN-EVIDENCE-96-investigation,success
ATL-09-CASE-0097-response,ATL-09-CASE-0097,response,2026-09-16T13:27:12+00:00,Analyst,SYN-EVIDENCE-96-response,success
ATL-09-CASE-0098-investigation,ATL-09-CASE-0098,investigation,2026-09-17T14:17:48+00:00,Analyst,SYN-EVIDENCE-97-investigation,success
ATL-09-CASE-0098-response,ATL-09-CASE-0098,response,2026-09-17T14:28:36+00:00,Analyst,SYN-EVIDENCE-97-response,success
ATL-09-CASE-0099-investigation,ATL-09-CASE-0099,investigation,2026-09-18T15:19:00+00:00,Analyst,SYN-EVIDENCE-98-investigation,success
ATL-09-CASE-0099-response,ATL-09-CASE-0099,response,2026-09-18T15:30:00+00:00,Analyst,SYN-EVIDENCE-98-response,success
ATL-09-CASE-0100-investigation,ATL-09-CASE-0100,investigation,2026-09-19T16:18:00+00:00,Analyst,SYN-EVIDENCE-99-investigation,success
ATL-09-CASE-0100-response,ATL-09-CASE-0100,response,2026-09-19T16:27:00+00:00,Analyst,SYN-EVIDENCE-99-response,success
ATL-09-CASE-0101-investigation,ATL-09-CASE-0101,investigation,2026-09-20T07:19:12+00:00,Analyst,SYN-EVIDENCE-100-investigation,success
ATL-09-CASE-0101-response,ATL-09-CASE-0101,response,2026-09-20T07:28:24+00:00,Analyst,SYN-EVIDENCE-100-response,success
ATL-09-CASE-0101-oversight,ATL-09-CASE-0101,oversight,2026-09-20T07:37:36+00:00,Duty lead,SYN-EVIDENCE-100-oversight,success
ATL-09-CASE-0101-recovery,ATL-09-CASE-0101,recovery,2026-09-20T07:46:48+00:00,Analyst,SYN-EVIDENCE-100-recovery,success
ATL-09-CASE-0102-investigation,ATL-09-CASE-0102,investigation,2026-09-21T08:20:24+00:00,Analyst,SYN-EVIDENCE-101-investigation,success
ATL-09-CASE-0102-response,ATL-09-CASE-0102,response,2026-09-21T08:29:48+00:00,Analyst,SYN-EVIDENCE-101-response,success
ATL-09-CASE-0103-investigation,ATL-09-CASE-0103,investigation,2026-09-22T09:21:36+00:00,Analyst,SYN-EVIDENCE-102-investigation,success
ATL-09-CASE-0103-response,ATL-09-CASE-0103,response,2026-09-22T09:31:12+00:00,Analyst,SYN-EVIDENCE-102-response,success
ATL-09-CASE-0104-investigation,ATL-09-CASE-0104,investigation,2026-09-23T10:22:48+00:00,Analyst,SYN-EVIDENCE-103-investigation,success
ATL-09-CASE-0104-response,ATL-09-CASE-0104,response,2026-09-23T10:32:36+00:00,Analyst,SYN-EVIDENCE-103-response,success
ATL-09-CASE-0105-investigation,ATL-09-CASE-0105,investigation,2026-09-24T11:24:00+00:00,Analyst,SYN-EVIDENCE-104-investigation,success
ATL-09-CASE-0105-response,ATL-09-CASE-0105,response,2026-09-24T11:34:00+00:00,Analyst,SYN-EVIDENCE-104-response,success
ATL-09-CASE-0106-investigation,ATL-09-CASE-0106,investigation,2026-09-25T12:25:12+00:00,Analyst,SYN-EVIDENCE-105-investigation,success
ATL-09-CASE-0106-response,ATL-09-CASE-0106,response,2026-09-25T12:35:24+00:00,Analyst,SYN-EVIDENCE-105-response,success
ATL-09-CASE-0106-oversight,ATL-09-CASE-0106,oversight,2026-09-25T12:45:36+00:00,Duty lead,SYN-EVIDENCE-105-oversight,success
ATL-09-CASE-0107-investigation,ATL-09-CASE-0107,investigation,2026-09-26T13:26:24+00:00,Analyst,SYN-EVIDENCE-106-investigation,success
ATL-09-CASE-0107-response,ATL-09-CASE-0107,response,2026-09-26T13:36:48+00:00,Analyst,SYN-EVIDENCE-106-response,success
ATL-09-CASE-0108-investigation,ATL-09-CASE-0108,investigation,2026-09-27T14:27:36+00:00,Analyst,SYN-EVIDENCE-107-investigation,success
ATL-09-CASE-0108-response,ATL-09-CASE-0108,response,2026-09-27T14:38:12+00:00,Analyst,SYN-EVIDENCE-107-response,success
ATL-09-CASE-0109-investigation,ATL-09-CASE-0109,investigation,2026-09-01T15:28:48+00:00,Analyst,SYN-EVIDENCE-108-investigation,success
ATL-09-CASE-0109-response,ATL-09-CASE-0109,response,2026-09-01T15:39:36+00:00,Analyst,SYN-EVIDENCE-108-response,success
ATL-09-CASE-0110-investigation,ATL-09-CASE-0110,investigation,2026-09-02T16:30:00+00:00,Analyst,SYN-EVIDENCE-109-investigation,success
ATL-09-CASE-0110-response,ATL-09-CASE-0110,response,2026-09-02T16:41:00+00:00,Analyst,SYN-EVIDENCE-109-response,success
ATL-09-CASE-0111-investigation,ATL-09-CASE-0111,investigation,2026-09-03T07:21:24+00:00,Analyst,SYN-EVIDENCE-110-investigation,success
ATL-09-CASE-0111-response,ATL-09-CASE-0111,response,2026-09-03T07:22:48+00:00,Analyst,SYN-EVIDENCE-110-response,success
ATL-09-CASE-0111-oversight,ATL-09-CASE-0111,oversight,2026-09-03T07:24:12+00:00,Duty lead,SYN-EVIDENCE-110-oversight,success
ATL-09-CASE-0111-recovery,ATL-09-CASE-0111,recovery,2026-09-03T07:25:36+00:00,Analyst,SYN-EVIDENCE-110-recovery,success
ATL-09-CASE-0112-investigation,ATL-09-CASE-0112,investigation,2026-09-04T08:30:12+00:00,Analyst,SYN-EVIDENCE-111-investigation,success
ATL-09-CASE-0112-response,ATL-09-CASE-0112,response,2026-09-04T08:39:24+00:00,Analyst,SYN-EVIDENCE-111-response,success
ATL-09-CASE-0113-investigation,ATL-09-CASE-0113,investigation,2026-09-05T09:31:24+00:00,Analyst,SYN-EVIDENCE-112-investigation,success
ATL-09-CASE-0113-response,ATL-09-CASE-0113,response,2026-09-05T09:40:48+00:00,Analyst,SYN-EVIDENCE-112-response,success
ATL-09-CASE-0114-investigation,ATL-09-CASE-0114,investigation,2026-09-06T10:32:36+00:00,Analyst,SYN-EVIDENCE-113-investigation,success
ATL-09-CASE-0114-response,ATL-09-CASE-0114,response,2026-09-06T10:42:12+00:00,Analyst,SYN-EVIDENCE-113-response,success
ATL-09-CASE-0115-investigation,ATL-09-CASE-0115,investigation,2026-09-07T11:33:48+00:00,Analyst,SYN-EVIDENCE-114-investigation,success
ATL-09-CASE-0115-response,ATL-09-CASE-0115,response,2026-09-07T11:43:36+00:00,Analyst,SYN-EVIDENCE-114-response,success
ATL-09-CASE-0116-investigation,ATL-09-CASE-0116,investigation,2026-09-08T12:35:00+00:00,Analyst,SYN-EVIDENCE-115-investigation,success
ATL-09-CASE-0116-response,ATL-09-CASE-0116,response,2026-09-08T12:45:00+00:00,Analyst,SYN-EVIDENCE-115-response,success
ATL-09-CASE-0116-oversight,ATL-09-CASE-0116,oversight,2026-09-08T12:55:00+00:00,Duty lead,SYN-EVIDENCE-115-oversight,success
ATL-09-CASE-0117-investigation,ATL-09-CASE-0117,investigation,2026-09-09T13:36:12+00:00,Analyst,SYN-EVIDENCE-116-investigation,success
ATL-09-CASE-0117-response,ATL-09-CASE-0117,response,2026-09-09T13:46:24+00:00,Analyst,SYN-EVIDENCE-116-response,success
ATL-09-CASE-0118-investigation,ATL-09-CASE-0118,investigation,2026-09-10T14:37:24+00:00,Analyst,SYN-EVIDENCE-117-investigation,success
ATL-09-CASE-0118-response,ATL-09-CASE-0118,response,2026-09-10T14:47:48+00:00,Analyst,SYN-EVIDENCE-117-response,success
ATL-09-CASE-0119-investigation,ATL-09-CASE-0119,investigation,2026-09-11T15:38:36+00:00,Analyst,SYN-EVIDENCE-118-investigation,success
ATL-09-CASE-0119-response,ATL-09-CASE-0119,response,2026-09-11T15:49:12+00:00,Analyst,SYN-EVIDENCE-118-response,success
ATL-09-CASE-0120-investigation,ATL-09-CASE-0120,investigation,2026-09-12T16:39:48+00:00,Analyst,SYN-EVIDENCE-119-investigation,success
ATL-09-CASE-0120-response,ATL-09-CASE-0120,response,2026-09-12T16:50:36+00:00,Analyst,SYN-EVIDENCE-119-response,success
ATL-09-CASE-0121-investigation,ATL-09-CASE-0121,investigation,2026-09-13T07:41:00+00:00,Analyst,SYN-EVIDENCE-120-investigation,success
ATL-09-CASE-0121-response,ATL-09-CASE-0121,response,2026-09-13T07:52:00+00:00,Analyst,SYN-EVIDENCE-120-response,success
ATL-09-CASE-0121-oversight,ATL-09-CASE-0121,oversight,2026-09-13T08:03:00+00:00,Duty lead,SYN-EVIDENCE-120-oversight,success
ATL-09-CASE-0121-recovery,ATL-09-CASE-0121,recovery,2026-09-13T08:14:00+00:00,Analyst,SYN-EVIDENCE-120-recovery,success
ATL-09-CASE-0122-investigation,ATL-09-CASE-0122,investigation,2026-09-14T08:40:00+00:00,Analyst,SYN-EVIDENCE-121-investigation,success
ATL-09-CASE-0122-response,ATL-09-CASE-0122,response,2026-09-14T08:49:00+00:00,Analyst,SYN-EVIDENCE-121-response,success
ATL-09-CASE-0123-investigation,ATL-09-CASE-0123,investigation,2026-09-15T09:41:12+00:00,Analyst,SYN-EVIDENCE-122-investigation,success
ATL-09-CASE-0123-response,ATL-09-CASE-0123,response,2026-09-15T09:50:24+00:00,Analyst,SYN-EVIDENCE-122-response,success
ATL-09-CASE-0124-investigation,ATL-09-CASE-0124,investigation,2026-09-16T10:42:24+00:00,Analyst,SYN-EVIDENCE-123-investigation,success
ATL-09-CASE-0124-response,ATL-09-CASE-0124,response,2026-09-16T10:51:48+00:00,Analyst,SYN-EVIDENCE-123-response,success
ATL-09-CASE-0126-investigation,ATL-09-CASE-0126,investigation,2026-09-18T12:44:48+00:00,Analyst,SYN-EVIDENCE-125-investigation,success
ATL-09-CASE-0126-response,ATL-09-CASE-0126,response,2026-09-18T12:54:36+00:00,Analyst,SYN-EVIDENCE-125-response,success
ATL-09-CASE-0126-oversight,ATL-09-CASE-0126,oversight,2026-09-18T13:04:24+00:00,Duty lead,SYN-EVIDENCE-125-oversight,success
ATL-09-CASE-0127-investigation,ATL-09-CASE-0127,investigation,2026-09-19T13:46:00+00:00,Analyst,SYN-EVIDENCE-126-investigation,success
ATL-09-CASE-0127-response,ATL-09-CASE-0127,response,2026-09-19T13:56:00+00:00,Analyst,SYN-EVIDENCE-126-response,success
ATL-09-CASE-0128-investigation,ATL-09-CASE-0128,investigation,2026-09-20T14:47:12+00:00,Analyst,SYN-EVIDENCE-127-investigation,success
ATL-09-CASE-0128-response,ATL-09-CASE-0128,response,2026-09-20T14:57:24+00:00,Analyst,SYN-EVIDENCE-127-response,success
ATL-09-CASE-0129-investigation,ATL-09-CASE-0129,investigation,2026-09-21T15:48:24+00:00,Analyst,SYN-EVIDENCE-128-investigation,success
ATL-09-CASE-0129-response,ATL-09-CASE-0129,response,2026-09-21T15:58:48+00:00,Analyst,SYN-EVIDENCE-128-response,success
ATL-09-CASE-0130-investigation,ATL-09-CASE-0130,investigation,2026-09-22T16:49:36+00:00,Analyst,SYN-EVIDENCE-129-investigation,success
ATL-09-CASE-0130-response,ATL-09-CASE-0130,response,2026-09-22T17:00:12+00:00,Analyst,SYN-EVIDENCE-129-response,success
ATL-09-CASE-0131-investigation,ATL-09-CASE-0131,investigation,2026-09-23T07:50:48+00:00,Analyst,SYN-EVIDENCE-130-investigation,success
ATL-09-CASE-0131-response,ATL-09-CASE-0131,response,2026-09-23T08:01:36+00:00,Analyst,SYN-EVIDENCE-130-response,success
ATL-09-CASE-0131-oversight,ATL-09-CASE-0131,oversight,2026-09-23T08:12:24+00:00,Duty lead,SYN-EVIDENCE-130-oversight,success
ATL-09-CASE-0131-recovery,ATL-09-CASE-0131,recovery,2026-09-23T08:23:12+00:00,Analyst,SYN-EVIDENCE-130-recovery,success
ATL-09-CASE-0132-investigation,ATL-09-CASE-0132,investigation,2026-09-24T08:52:00+00:00,Analyst,SYN-EVIDENCE-131-investigation,success
ATL-09-CASE-0132-response,ATL-09-CASE-0132,response,2026-09-24T09:03:00+00:00,Analyst,SYN-EVIDENCE-131-response,success
ATL-09-CASE-0133-investigation,ATL-09-CASE-0133,investigation,2026-09-25T09:51:00+00:00,Analyst,SYN-EVIDENCE-132-investigation,success
ATL-09-CASE-0133-response,ATL-09-CASE-0133,response,2026-09-25T10:00:00+00:00,Analyst,SYN-EVIDENCE-132-response,success
ATL-09-CASE-0134-investigation,ATL-09-CASE-0134,investigation,2026-09-26T10:52:12+00:00,Analyst,SYN-EVIDENCE-133-investigation,success
ATL-09-CASE-0134-response,ATL-09-CASE-0134,response,2026-09-26T11:01:24+00:00,Analyst,SYN-EVIDENCE-133-response,success
ATL-09-CASE-0135-investigation,ATL-09-CASE-0135,investigation,2026-09-27T11:53:24+00:00,Analyst,SYN-EVIDENCE-134-investigation,success
ATL-09-CASE-0135-response,ATL-09-CASE-0135,response,2026-09-27T12:02:48+00:00,Analyst,SYN-EVIDENCE-134-response,success
ATL-09-CASE-0136-investigation,ATL-09-CASE-0136,investigation,2026-09-01T12:09:36+00:00,Analyst,SYN-EVIDENCE-135-investigation,success
ATL-09-CASE-0136-response,ATL-09-CASE-0136,response,2026-09-01T12:19:12+00:00,Analyst,SYN-EVIDENCE-135-response,success
ATL-09-CASE-0136-oversight,ATL-09-CASE-0136,oversight,2026-09-01T12:28:48+00:00,Duty lead,SYN-EVIDENCE-135-oversight,success
ATL-09-CASE-0137-investigation,ATL-09-CASE-0137,investigation,2026-09-02T13:10:48+00:00,Analyst,SYN-EVIDENCE-136-investigation,success
ATL-09-CASE-0137-response,ATL-09-CASE-0137,response,2026-09-02T13:20:36+00:00,Analyst,SYN-EVIDENCE-136-response,success
ATL-09-CASE-0138-investigation,ATL-09-CASE-0138,investigation,2026-09-03T14:12:00+00:00,Analyst,SYN-EVIDENCE-137-investigation,success
ATL-09-CASE-0138-response,ATL-09-CASE-0138,response,2026-09-03T14:22:00+00:00,Analyst,SYN-EVIDENCE-137-response,success
ATL-09-CASE-0139-investigation,ATL-09-CASE-0139,investigation,2026-09-04T15:13:12+00:00,Analyst,SYN-EVIDENCE-138-investigation,success
ATL-09-CASE-0139-response,ATL-09-CASE-0139,response,2026-09-04T15:23:24+00:00,Analyst,SYN-EVIDENCE-138-response,success
ATL-09-CASE-0140-investigation,ATL-09-CASE-0140,investigation,2026-09-05T16:14:24+00:00,Analyst,SYN-EVIDENCE-139-investigation,success
ATL-09-CASE-0140-response,ATL-09-CASE-0140,response,2026-09-05T16:24:48+00:00,Analyst,SYN-EVIDENCE-139-response,success
ATL-09-CASE-0141-investigation,ATL-09-CASE-0141,investigation,2026-09-06T07:15:36+00:00,Analyst,SYN-EVIDENCE-140-investigation,success
ATL-09-CASE-0141-response,ATL-09-CASE-0141,response,2026-09-06T07:26:12+00:00,Analyst,SYN-EVIDENCE-140-response,success
ATL-09-CASE-0141-oversight,ATL-09-CASE-0141,oversight,2026-09-06T07:36:48+00:00,Duty lead,SYN-EVIDENCE-140-oversight,success
ATL-09-CASE-0141-recovery,ATL-09-CASE-0141,recovery,2026-09-06T07:47:24+00:00,Analyst,SYN-EVIDENCE-140-recovery,success
ATL-09-CASE-0142-investigation,ATL-09-CASE-0142,investigation,2026-09-07T08:16:48+00:00,Analyst,SYN-EVIDENCE-141-investigation,success
ATL-09-CASE-0142-response,ATL-09-CASE-0142,response,2026-09-07T08:27:36+00:00,Analyst,SYN-EVIDENCE-141-response,success
ATL-09-CASE-0143-investigation,ATL-09-CASE-0143,investigation,2026-09-08T09:18:00+00:00,Analyst,SYN-EVIDENCE-142-investigation,success
ATL-09-CASE-0143-response,ATL-09-CASE-0143,response,2026-09-08T09:29:00+00:00,Analyst,SYN-EVIDENCE-142-response,success
ATL-09-CASE-0144-investigation,ATL-09-CASE-0144,investigation,2026-09-09T10:17:00+00:00,Analyst,SYN-EVIDENCE-143-investigation,success
ATL-09-CASE-0144-response,ATL-09-CASE-0144,response,2026-09-09T10:26:00+00:00,Analyst,SYN-EVIDENCE-143-response,success
ATL-09-CASE-0145-investigation,ATL-09-CASE-0145,investigation,2026-09-10T11:18:12+00:00,Analyst,SYN-EVIDENCE-144-investigation,success
ATL-09-CASE-0145-response,ATL-09-CASE-0145,response,2026-09-10T11:27:24+00:00,Analyst,SYN-EVIDENCE-144-response,success
ATL-09-CASE-0146-investigation,ATL-09-CASE-0146,investigation,2026-09-11T12:19:24+00:00,Analyst,SYN-EVIDENCE-145-investigation,success
ATL-09-CASE-0146-response,ATL-09-CASE-0146,response,2026-09-11T12:28:48+00:00,Analyst,SYN-EVIDENCE-145-response,success
ATL-09-CASE-0146-oversight,ATL-09-CASE-0146,oversight,2026-09-11T12:38:12+00:00,Duty lead,SYN-EVIDENCE-145-oversight,success
ATL-09-CASE-0147-investigation,ATL-09-CASE-0147,investigation,2026-09-12T13:20:36+00:00,Analyst,SYN-EVIDENCE-146-investigation,success
ATL-09-CASE-0147-response,ATL-09-CASE-0147,response,2026-09-12T13:30:12+00:00,Analyst,SYN-EVIDENCE-146-response,success
ATL-09-CASE-0148-investigation,ATL-09-CASE-0148,investigation,2026-09-13T14:21:48+00:00,Analyst,SYN-EVIDENCE-147-investigation,success
ATL-09-CASE-0148-response,ATL-09-CASE-0148,response,2026-09-13T14:31:36+00:00,Analyst,SYN-EVIDENCE-147-response,success
ATL-09-CASE-0149-investigation,ATL-09-CASE-0149,investigation,2026-09-14T15:23:00+00:00,Analyst,SYN-EVIDENCE-148-investigation,success
ATL-09-CASE-0149-response,ATL-09-CASE-0149,response,2026-09-14T15:33:00+00:00,Analyst,SYN-EVIDENCE-148-response,success
ATL-09-CASE-0150-investigation,ATL-09-CASE-0150,investigation,2026-09-15T16:24:12+00:00,Analyst,SYN-EVIDENCE-149-investigation,success
ATL-09-CASE-0150-response,ATL-09-CASE-0150,response,2026-09-15T16:34:24+00:00,Analyst,SYN-EVIDENCE-149-response,success
ATL-09-CASE-0151-investigation,ATL-09-CASE-0151,investigation,2026-09-16T07:25:24+00:00,Analyst,SYN-EVIDENCE-150-investigation,success
ATL-09-CASE-0151-response,ATL-09-CASE-0151,response,2026-09-16T07:35:48+00:00,Analyst,SYN-EVIDENCE-150-response,success
ATL-09-CASE-0151-oversight,ATL-09-CASE-0151,oversight,2026-09-16T07:46:12+00:00,Duty lead,SYN-EVIDENCE-150-oversight,success
ATL-09-CASE-0151-recovery,ATL-09-CASE-0151,recovery,2026-09-16T07:56:36+00:00,Analyst,SYN-EVIDENCE-150-recovery,success
ATL-09-CASE-0152-investigation,ATL-09-CASE-0152,investigation,2026-09-17T09:52:00+00:00,Analyst,SYN-EVIDENCE-151-investigation,success
ATL-09-CASE-0152-response,ATL-09-CASE-0152,response,2026-09-17T11:28:00+00:00,Analyst,SYN-EVIDENCE-151-response,success
ATL-09-CASE-0153-investigation,ATL-09-CASE-0153,investigation,2026-09-18T09:27:48+00:00,Analyst,SYN-EVIDENCE-152-investigation,success
ATL-09-CASE-0153-response,ATL-09-CASE-0153,response,2026-09-18T09:38:36+00:00,Analyst,SYN-EVIDENCE-152-response,success
ATL-09-CASE-0154-investigation,ATL-09-CASE-0154,investigation,2026-09-19T10:29:00+00:00,Analyst,SYN-EVIDENCE-153-investigation,success
ATL-09-CASE-0154-response,ATL-09-CASE-0154,response,2026-09-19T10:40:00+00:00,Analyst,SYN-EVIDENCE-153-response,success
ATL-09-CASE-0155-investigation,ATL-09-CASE-0155,investigation,2026-09-20T11:28:00+00:00,Analyst,SYN-EVIDENCE-154-investigation,success
ATL-09-CASE-0155-response,ATL-09-CASE-0155,response,2026-09-20T11:37:00+00:00,Analyst,SYN-EVIDENCE-154-response,success
ATL-09-CASE-0157-investigation,ATL-09-CASE-0157,investigation,2026-09-22T13:30:24+00:00,Analyst,SYN-EVIDENCE-156-investigation,success
ATL-09-CASE-0157-response,ATL-09-CASE-0157,response,2026-09-22T13:39:48+00:00,Analyst,SYN-EVIDENCE-156-response,success
ATL-09-CASE-0158-investigation,ATL-09-CASE-0158,investigation,2026-09-23T14:31:36+00:00,Analyst,SYN-EVIDENCE-157-investigation,success
ATL-09-CASE-0158-response,ATL-09-CASE-0158,response,2026-09-23T14:41:12+00:00,Analyst,SYN-EVIDENCE-157-response,success
ATL-09-CASE-0159-investigation,ATL-09-CASE-0159,investigation,2026-09-24T15:32:48+00:00,Analyst,SYN-EVIDENCE-158-investigation,success
ATL-09-CASE-0159-response,ATL-09-CASE-0159,response,2026-09-24T15:42:36+00:00,Analyst,SYN-EVIDENCE-158-response,success
ATL-09-CASE-0160-investigation,ATL-09-CASE-0160,investigation,2026-09-25T16:34:00+00:00,Analyst,SYN-EVIDENCE-159-investigation,success
ATL-09-CASE-0160-response,ATL-09-CASE-0160,response,2026-09-25T16:44:00+00:00,Analyst,SYN-EVIDENCE-159-response,success
