alert_id,asset_id,category,severity,created_at,acknowledged_at,case_id
NOR-09-ALERT-0001,NOR-ASSET-01,Authentication anomaly,critical,2026-09-01T07:00:00+00:00,2026-09-01T07:00:10+00:00,NOR-09-CASE-0001
NOR-09-ALERT-0002,NOR-ASSET-02,Endpoint detection,medium,2026-09-02T08:01:00+00:00,2026-09-02T08:01:10+00:00,NOR-09-CASE-0002
NOR-09-ALERT-0003,NOR-ASSET-03,Privilege change,medium,2026-09-03T09:02:00+00:00,2026-09-03T09:02:10+00:00,NOR-09-CASE-0003
NOR-09-ALERT-0004,NOR-ASSET-04,Network policy event,high,2026-09-04T10:03:00+00:00,2026-09-04T10:03:10+00:00,NOR-09-CASE-0004
NOR-09-ALERT-0005,NOR-ASSET-05,Authentication anomaly,medium,2026-09-05T11:04:00+00:00,2026-09-05T11:04:10+00:00,NOR-09-CASE-0005
NOR-09-ALERT-0006,NOR-ASSET-06,Endpoint detection,critical,2026-09-06T12:05:00+00:00,2026-09-06T12:05:10+00:00,NOR-09-CASE-0006
NOR-09-ALERT-0007,NOR-ASSET-07,Privilege change,high,2026-09-07T13:06:00+00:00,2026-09-07T13:06:10+00:00,NOR-09-CASE-0007
NOR-09-ALERT-0008,NOR-ASSET-08,Network policy event,medium,2026-09-08T14:07:00+00:00,2026-09-08T14:07:10+00:00,NOR-09-CASE-0008
NOR-09-ALERT-0009,NOR-ASSET-09,Authentication anomaly,medium,2026-09-09T15:08:00+00:00,2026-09-09T15:08:10+00:00,NOR-09-CASE-0009
NOR-09-ALERT-0010,NOR-ASSET-10,Endpoint detection,high,2026-09-10T16:09:00+00:00,2026-09-10T16:09:10+00:00,NOR-09-CASE-0010
NOR-09-ALERT-0011,NOR-ASSET-11,Privilege change,critical,2026-09-11T07:10:00+00:00,2026-09-11T07:10:10+00:00,NOR-09-CASE-0011
NOR-09-ALERT-0012,NOR-ASSET-12,Network policy event,medium,2026-09-12T08:11:00+00:00,2026-09-12T08:11:10+00:00,NOR-09-CASE-0012
NOR-09-ALERT-0013,NOR-ASSET-01,Authentication anomaly,high,2026-09-13T09:12:00+00:00,2026-09-13T09:12:10+00:00,NOR-09-CASE-0013
NOR-09-ALERT-0014,NOR-ASSET-02,Endpoint detection,medium,2026-09-14T10:13:00+00:00,2026-09-14T10:13:10+00:00,NOR-09-CASE-0014
NOR-09-ALERT-0015,NOR-ASSET-03,Privilege change,medium,2026-09-15T11:14:00+00:00,2026-09-15T11:14:10+00:00,NOR-09-CASE-0015
NOR-09-ALERT-0016,NOR-ASSET-04,Network policy event,critical,2026-09-16T12:15:00+00:00,2026-09-16T12:15:10+00:00,NOR-09-CASE-0016
NOR-09-ALERT-0017,NOR-ASSET-05,Authentication anomaly,medium,2026-09-17T13:16:00+00:00,2026-09-17T13:16:10+00:00,NOR-09-CASE-0017
NOR-09-ALERT-0018,NOR-ASSET-06,Endpoint detection,medium,2026-09-18T14:17:00+00:00,2026-09-18T14:17:10+00:00,NOR-09-CASE-0018
NOR-09-ALERT-0019,NOR-ASSET-07,Privilege change,high,2026-09-19T15:18:00+00:00,2026-09-19T15:18:10+00:00,NOR-09-CASE-0019
NOR-09-ALERT-0020,NOR-ASSET-08,Network policy event,medium,2026-09-20T16:19:00+00:00,2026-09-20T16:19:10+00:00,NOR-09-CASE-0020
NOR-09-ALERT-0021,NOR-ASSET-09,Authentication anomaly,critical,2026-09-21T07:20:00+00:00,2026-09-21T07:20:10+00:00,NOR-ABSENT-20
NOR-09-ALERT-0022,NOR-ASSET-10,Endpoint detection,high,2026-09-22T08:21:00+00:00,2026-09-22T08:21:10+00:00,NOR-ABSENT-21
NOR-09-ALERT-0023,NOR-ASSET-11,Privilege change,medium,2026-09-23T09:22:00+00:00,2026-09-23T09:22:10+00:00,NOR-ABSENT-22
NOR-09-ALERT-0024,NOR-ASSET-12,Network policy event,medium,2026-09-24T10:23:00+00:00,2026-09-24T10:23:10+00:00,NOR-09-CASE-0024
NOR-09-ALERT-0025,NOR-ASSET-01,Authentication anomaly,high,2026-09-25T11:24:00+00:00,2026-09-25T11:24:10+00:00,NOR-09-CASE-0025
NOR-09-ALERT-0026,NOR-ASSET-02,Endpoint detection,critical,2026-09-26T12:25:00+00:00,2026-09-26T12:25:10+00:00,NOR-09-CASE-0026
NOR-09-ALERT-0027,NOR-ASSET-03,Privilege change,medium,2026-09-27T13:26:00+00:00,2026-09-27T13:26:10+00:00,NOR-09-CASE-0027
NOR-09-ALERT-0028,NOR-ASSET-04,Network policy event,high,2026-09-01T14:27:00+00:00,2026-09-01T14:27:10+00:00,NOR-09-CASE-0028
NOR-09-ALERT-0029,NOR-ASSET-05,Authentication anomaly,medium,2026-09-02T15:28:00+00:00,2026-09-02T15:28:10+00:00,NOR-09-CASE-0029
NOR-09-ALERT-0030,NOR-ASSET-06,Endpoint detection,medium,2026-09-03T16:29:00+00:00,2026-09-03T16:29:10+00:00,NOR-09-CASE-0030
NOR-09-ALERT-0031,NOR-ASSET-07,Privilege change,critical,2026-09-04T07:30:00+00:00,2026-09-04T07:30:10+00:00,NOR-09-CASE-0031
NOR-09-ALERT-0032,NOR-ASSET-08,Network policy event,medium,2026-09-05T08:31:00+00:00,2026-09-05T08:31:10+00:00,NOR-09-CASE-0032
NOR-09-ALERT-0033,NOR-ASSET-09,Authentication anomaly,medium,2026-09-06T09:32:00+00:00,2026-09-06T09:32:10+00:00,NOR-09-CASE-0033
NOR-09-ALERT-0034,NOR-ASSET-10,Endpoint detection,high,2026-09-07T10:33:00+00:00,2026-09-07T10:33:10+00:00,NOR-09-CASE-0034
NOR-09-ALERT-0035,NOR-ASSET-11,Privilege change,medium,2026-09-08T11:34:00+00:00,2026-09-08T11:34:10+00:00,NOR-09-CASE-0035
NOR-09-ALERT-0036,NOR-ASSET-12,Network policy event,critical,2026-09-09T12:35:00+00:00,2026-09-09T12:35:10+00:00,NOR-09-CASE-0036
NOR-09-ALERT-0037,NOR-ASSET-01,Authentication anomaly,high,2026-09-10T13:36:00+00:00,2026-09-10T13:36:10+00:00,NOR-09-CASE-0037
NOR-09-ALERT-0038,NOR-ASSET-02,Endpoint detection,medium,2026-09-11T14:37:00+00:00,2026-09-11T14:37:10+00:00,NOR-09-CASE-0038
NOR-09-ALERT-0039,NOR-ASSET-03,Privilege change,medium,2026-09-12T15:38:00+00:00,2026-09-12T15:38:10+00:00,NOR-09-CASE-0039
NOR-09-ALERT-0040,NOR-ASSET-04,Network policy event,high,2026-09-13T16:39:00+00:00,2026-09-13T16:39:10+00:00,NOR-09-CASE-0040
